upload_id,data_category,kode_akun,uraian_akun,nilai,tahun_anggaran,kode_ba,uraian_ba
85e0f2d0-19d9-4fd3-96fe-52fe016889dd,Neraca,117111,Barang Konsumsi,16026973491.0,2023,001,MAJELIS PERMUSYAWARATAN RAKYAT
85e0f2d0-19d9-4fd3-96fe-52fe016889dd,Neraca,117113,Bahan untuk Pemeliharaan,284863252.0,2023,001,MAJELIS PERMUSYAWARATAN RAKYAT
85e0f2d0-19d9-4fd3-96fe-52fe016889dd,Neraca,117131,Bahan Baku,26241505.0,2023,001,MAJELIS PERMUSYAWARATAN RAKYAT
85e0f2d0-19d9-4fd3-96fe-52fe016889dd,Neraca,117199,Persediaan Lainnya,188615375.0,2023,001,MAJELIS PERMUSYAWARATAN RAKYAT
85e0f2d0-19d9-4fd3-96fe-52fe016889dd,Neraca,131111,Tanah,835960489740.0,2023,001,MAJELIS PERMUSYAWARATAN RAKYAT
85e0f2d0-19d9-4fd3-96fe-52fe016889dd,Neraca,132111,Peralatan dan Mesin,157547863971.0,2023,001,MAJELIS PERMUSYAWARATAN RAKYAT
85e0f2d0-19d9-4fd3-96fe-52fe016889dd,Neraca,133111,Gedung dan Bangunan,264876521172.0,2023,001,MAJELIS PERMUSYAWARATAN RAKYAT
85e0f2d0-19d9-4fd3-96fe-52fe016889dd,Neraca,134113,Jaringan,13646277700.0,2023,001,MAJELIS PERMUSYAWARATAN RAKYAT
85e0f2d0-19d9-4fd3-96fe-52fe016889dd,Neraca,135111,Aset Tetap Renovasi,6125770200.0,2023,001,MAJELIS PERMUSYAWARATAN RAKYAT
85e0f2d0-19d9-4fd3-96fe-52fe016889dd,Neraca,135121,Aset Tetap Lainnya,8376695818.0,2023,001,MAJELIS PERMUSYAWARATAN RAKYAT
85e0f2d0-19d9-4fd3-96fe-52fe016889dd,Neraca,137111,Akumulasi Penyusutan Peralatan dan Mesin,-127554739525.0,2023,001,MAJELIS PERMUSYAWARATAN RAKYAT
85e0f2d0-19d9-4fd3-96fe-52fe016889dd,Neraca,137211,Akumulasi Penyusutan Gedung dan Bangunan,-53714515334.0,2023,001,MAJELIS PERMUSYAWARATAN RAKYAT
85e0f2d0-19d9-4fd3-96fe-52fe016889dd,Neraca,137313,Akumulasi Penyusutan Jaringan,-5315387360.0,2023,001,MAJELIS PERMUSYAWARATAN RAKYAT
85e0f2d0-19d9-4fd3-96fe-52fe016889dd,Neraca,162151,Software,9171121900.0,2023,001,MAJELIS PERMUSYAWARATAN RAKYAT
85e0f2d0-19d9-4fd3-96fe-52fe016889dd,Neraca,162161,Lisensi,257276000.0,2023,001,MAJELIS PERMUSYAWARATAN RAKYAT
85e0f2d0-19d9-4fd3-96fe-52fe016889dd,Neraca,166112,Aset Tetap yang tidak digunakan dalam operasi pemerintahan,86802273535.0,2023,001,MAJELIS PERMUSYAWARATAN RAKYAT
85e0f2d0-19d9-4fd3-96fe-52fe016889dd,Neraca,169122,Akumulasi Penyusutan Aset Tetap yang Tidak Digunakan dalam,-53812024594.0,2023,001,MAJELIS PERMUSYAWARATAN RAKYAT
85e0f2d0-19d9-4fd3-96fe-52fe016889dd,Neraca,169315,Akumulasi Amortisasi Software,-7142819088.0,2023,001,MAJELIS PERMUSYAWARATAN RAKYAT
85e0f2d0-19d9-4fd3-96fe-52fe016889dd,Neraca,169316,Akumulasi Amortisasi Lisensi,-38591400.0,2023,001,MAJELIS PERMUSYAWARATAN RAKYAT
85e0f2d0-19d9-4fd3-96fe-52fe016889dd,Neraca,117111,Barang Konsumsi,74238581254.0,2023,002,DEWAN PERWAKILAN RAKYAT
85e0f2d0-19d9-4fd3-96fe-52fe016889dd,Neraca,117113,Bahan untuk Pemeliharaan,1334895049.0,2023,002,DEWAN PERWAKILAN RAKYAT
85e0f2d0-19d9-4fd3-96fe-52fe016889dd,Neraca,117114,Suku Cadang,2475000.0,2023,002,DEWAN PERWAKILAN RAKYAT
85e0f2d0-19d9-4fd3-96fe-52fe016889dd,Neraca,131111,Tanah,1149551587259.0,2023,002,DEWAN PERWAKILAN RAKYAT
85e0f2d0-19d9-4fd3-96fe-52fe016889dd,Neraca,132111,Peralatan dan Mesin,2675383766349.0,2023,002,DEWAN PERWAKILAN RAKYAT
85e0f2d0-19d9-4fd3-96fe-52fe016889dd,Neraca,133111,Gedung dan Bangunan,1143991828534.0,2023,002,DEWAN PERWAKILAN RAKYAT
85e0f2d0-19d9-4fd3-96fe-52fe016889dd,Neraca,134111,Jalan dan Jembatan,41394953123.0,2023,002,DEWAN PERWAKILAN RAKYAT
85e0f2d0-19d9-4fd3-96fe-52fe016889dd,Neraca,134112,Irigasi,10219080779.0,2023,002,DEWAN PERWAKILAN RAKYAT
85e0f2d0-19d9-4fd3-96fe-52fe016889dd,Neraca,134113,Jaringan,72205830784.0,2023,002,DEWAN PERWAKILAN RAKYAT
85e0f2d0-19d9-4fd3-96fe-52fe016889dd,Neraca,135111,Aset Tetap Renovasi,1013129000.0,2023,002,DEWAN PERWAKILAN RAKYAT
85e0f2d0-19d9-4fd3-96fe-52fe016889dd,Neraca,135121,Aset Tetap Lainnya,7719967937.0,2023,002,DEWAN PERWAKILAN RAKYAT
85e0f2d0-19d9-4fd3-96fe-52fe016889dd,Neraca,136111,Konstruksi Dalam pengerjaan,94590000.0,2023,002,DEWAN PERWAKILAN RAKYAT
85e0f2d0-19d9-4fd3-96fe-52fe016889dd,Neraca,137111,Akumulasi Penyusutan Peralatan dan Mesin,-1969365718959.0,2023,002,DEWAN PERWAKILAN RAKYAT
85e0f2d0-19d9-4fd3-96fe-52fe016889dd,Neraca,137211,Akumulasi Penyusutan Gedung dan Bangunan,-230167577698.0,2023,002,DEWAN PERWAKILAN RAKYAT
85e0f2d0-19d9-4fd3-96fe-52fe016889dd,Neraca,137311,Akumulasi Penyusutan Jalan dan Jembatan,-36533576793.0,2023,002,DEWAN PERWAKILAN RAKYAT
85e0f2d0-19d9-4fd3-96fe-52fe016889dd,Neraca,137312,Akumulasi Penyusutan Irigasi,-3401484688.0,2023,002,DEWAN PERWAKILAN RAKYAT
85e0f2d0-19d9-4fd3-96fe-52fe016889dd,Neraca,137313,Akumulasi Penyusutan Jaringan,-29023786654.0,2023,002,DEWAN PERWAKILAN RAKYAT
85e0f2d0-19d9-4fd3-96fe-52fe016889dd,Neraca,138311,Properti Investasi,3943844976.0,2023,002,DEWAN PERWAKILAN RAKYAT
85e0f2d0-19d9-4fd3-96fe-52fe016889dd,Neraca,138411,Akumulasi Penyusutan Properti Investasi,-679754606.0,2023,002,DEWAN PERWAKILAN RAKYAT
85e0f2d0-19d9-4fd3-96fe-52fe016889dd,Neraca,162151,Software,51603086353.0,2023,002,DEWAN PERWAKILAN RAKYAT
85e0f2d0-19d9-4fd3-96fe-52fe016889dd,Neraca,162161,Lisensi,29753455688.0,2023,002,DEWAN PERWAKILAN RAKYAT
85e0f2d0-19d9-4fd3-96fe-52fe016889dd,Neraca,162171,Hasil Kajian/Penelitian,9634139000.0,2023,002,DEWAN PERWAKILAN RAKYAT
85e0f2d0-19d9-4fd3-96fe-52fe016889dd,Neraca,162191,Aset Tak Berwujud Lainnya,5162091867.0,2023,002,DEWAN PERWAKILAN RAKYAT
85e0f2d0-19d9-4fd3-96fe-52fe016889dd,Neraca,166112,Aset Tetap yang tidak digunakan dalam operasi pemerintahan,16390180008.0,2023,002,DEWAN PERWAKILAN RAKYAT
85e0f2d0-19d9-4fd3-96fe-52fe016889dd,Neraca,166113,Aset Tak Berwujud yang tidak digunakan dalam Operasional,12747874902.0,2023,002,DEWAN PERWAKILAN RAKYAT
85e0f2d0-19d9-4fd3-96fe-52fe016889dd,Neraca,169122,Akumulasi Penyusutan Aset Tetap yang Tidak Digunakan dalam,-10173785689.0,2023,002,DEWAN PERWAKILAN RAKYAT
85e0f2d0-19d9-4fd3-96fe-52fe016889dd,Neraca,169315,Akumulasi Amortisasi Software,-33093763475.0,2023,002,DEWAN PERWAKILAN RAKYAT
85e0f2d0-19d9-4fd3-96fe-52fe016889dd,Neraca,169316,Akumulasi Amortisasi Lisensi,-11998175259.0,2023,002,DEWAN PERWAKILAN RAKYAT
85e0f2d0-19d9-4fd3-96fe-52fe016889dd,Neraca,169318,Akumulasi Amortisasi  Aset Tak Berwujud  yang tidak digunakan,-12179801939.0,2023,002,DEWAN PERWAKILAN RAKYAT
85e0f2d0-19d9-4fd3-96fe-52fe016889dd,Neraca,117111,Barang Konsumsi,7421527684.0,2023,004,BADAN PEMERIKSA KEUANGAN
85e0f2d0-19d9-4fd3-96fe-52fe016889dd,Neraca,117113,Bahan untuk Pemeliharaan,499742885.0,2023,004,BADAN PEMERIKSA KEUANGAN
85e0f2d0-19d9-4fd3-96fe-52fe016889dd,Neraca,117114,Suku Cadang,65750017.0,2023,004,BADAN PEMERIKSA KEUANGAN
85e0f2d0-19d9-4fd3-96fe-52fe016889dd,Neraca,117199,Persediaan Lainnya,2554816815.0,2023,004,BADAN PEMERIKSA KEUANGAN
85e0f2d0-19d9-4fd3-96fe-52fe016889dd,Neraca,131111,Tanah,6254107642044.0,2023,004,BADAN PEMERIKSA KEUANGAN
85e0f2d0-19d9-4fd3-96fe-52fe016889dd,Neraca,132111,Peralatan dan Mesin,2358837013793.0,2023,004,BADAN PEMERIKSA KEUANGAN
85e0f2d0-19d9-4fd3-96fe-52fe016889dd,Neraca,133111,Gedung dan Bangunan,2684306183623.0,2023,004,BADAN PEMERIKSA KEUANGAN
85e0f2d0-19d9-4fd3-96fe-52fe016889dd,Neraca,134111,Jalan dan Jembatan,28124808824.0,2023,004,BADAN PEMERIKSA KEUANGAN
85e0f2d0-19d9-4fd3-96fe-52fe016889dd,Neraca,134112,Irigasi,36245203402.0,2023,004,BADAN PEMERIKSA KEUANGAN
85e0f2d0-19d9-4fd3-96fe-52fe016889dd,Neraca,134113,Jaringan,332052785497.0,2023,004,BADAN PEMERIKSA KEUANGAN
85e0f2d0-19d9-4fd3-96fe-52fe016889dd,Neraca,135111,Aset Tetap Renovasi,1653874576.0,2023,004,BADAN PEMERIKSA KEUANGAN
85e0f2d0-19d9-4fd3-96fe-52fe016889dd,Neraca,135121,Aset Tetap Lainnya,17268764596.0,2023,004,BADAN PEMERIKSA KEUANGAN
85e0f2d0-19d9-4fd3-96fe-52fe016889dd,Neraca,137111,Akumulasi Penyusutan Peralatan dan Mesin,-2096780815943.0,2023,004,BADAN PEMERIKSA KEUANGAN
85e0f2d0-19d9-4fd3-96fe-52fe016889dd,Neraca,137211,Akumulasi Penyusutan Gedung dan Bangunan,-448882576556.0,2023,004,BADAN PEMERIKSA KEUANGAN
85e0f2d0-19d9-4fd3-96fe-52fe016889dd,Neraca,137311,Akumulasi Penyusutan Jalan dan Jembatan,-25825308784.0,2023,004,BADAN PEMERIKSA KEUANGAN
85e0f2d0-19d9-4fd3-96fe-52fe016889dd,Neraca,137312,Akumulasi Penyusutan Irigasi,-9534489939.0,2023,004,BADAN PEMERIKSA KEUANGAN
85e0f2d0-19d9-4fd3-96fe-52fe016889dd,Neraca,137313,Akumulasi Penyusutan Jaringan,-233117383850.0,2023,004,BADAN PEMERIKSA KEUANGAN
85e0f2d0-19d9-4fd3-96fe-52fe016889dd,Neraca,137411,Akumulasi Penyusutan Aset Tetap Lainnya,-1232065054.0,2023,004,BADAN PEMERIKSA KEUANGAN
85e0f2d0-19d9-4fd3-96fe-52fe016889dd,Neraca,162151,Software,81555668225.0,2023,004,BADAN PEMERIKSA KEUANGAN
85e0f2d0-19d9-4fd3-96fe-52fe016889dd,Neraca,162161,Lisensi,109242508941.0,2023,004,BADAN PEMERIKSA KEUANGAN
85e0f2d0-19d9-4fd3-96fe-52fe016889dd,Neraca,162191,Aset Tak Berwujud Lainnya,4657482778.0,2023,004,BADAN PEMERIKSA KEUANGAN
85e0f2d0-19d9-4fd3-96fe-52fe016889dd,Neraca,166112,Aset Tetap yang tidak digunakan dalam operasi pemerintahan,6570447708.0,2023,004,BADAN PEMERIKSA KEUANGAN
85e0f2d0-19d9-4fd3-96fe-52fe016889dd,Neraca,169122,Akumulasi Penyusutan Aset Tetap yang Tidak Digunakan dalam,-6546780523.0,2023,004,BADAN PEMERIKSA KEUANGAN
85e0f2d0-19d9-4fd3-96fe-52fe016889dd,Neraca,169315,Akumulasi Amortisasi Software,-78220435003.0,2023,004,BADAN PEMERIKSA KEUANGAN
85e0f2d0-19d9-4fd3-96fe-52fe016889dd,Neraca,169316,Akumulasi Amortisasi Lisensi,-74021522697.0,2023,004,BADAN PEMERIKSA KEUANGAN
85e0f2d0-19d9-4fd3-96fe-52fe016889dd,Neraca,117111,Barang Konsumsi,22870733439.0,2023,005,MAHKAMAH AGUNG
85e0f2d0-19d9-4fd3-96fe-52fe016889dd,Neraca,117113,Bahan untuk Pemeliharaan,850891735.0,2023,005,MAHKAMAH AGUNG
85e0f2d0-19d9-4fd3-96fe-52fe016889dd,Neraca,131111,Tanah,20042057573980.0,2023,005,MAHKAMAH AGUNG
85e0f2d0-19d9-4fd3-96fe-52fe016889dd,Neraca,132111,Peralatan dan Mesin,4817513750657.0,2023,005,MAHKAMAH AGUNG
85e0f2d0-19d9-4fd3-96fe-52fe016889dd,Neraca,133111,Gedung dan Bangunan,11766406605100.0,2023,005,MAHKAMAH AGUNG
85e0f2d0-19d9-4fd3-96fe-52fe016889dd,Neraca,134111,Jalan dan Jembatan,19628745150.0,2023,005,MAHKAMAH AGUNG
85e0f2d0-19d9-4fd3-96fe-52fe016889dd,Neraca,134112,Irigasi,7946154474.0,2023,005,MAHKAMAH AGUNG
85e0f2d0-19d9-4fd3-96fe-52fe016889dd,Neraca,134113,Jaringan,30594047964.0,2023,005,MAHKAMAH AGUNG
85e0f2d0-19d9-4fd3-96fe-52fe016889dd,Neraca,135111,Aset Tetap Renovasi,23662924034.0,2023,005,MAHKAMAH AGUNG
85e0f2d0-19d9-4fd3-96fe-52fe016889dd,Neraca,135121,Aset Tetap Lainnya,50443017532.0,2023,005,MAHKAMAH AGUNG
85e0f2d0-19d9-4fd3-96fe-52fe016889dd,Neraca,136111,Konstruksi Dalam pengerjaan,955654479579.0,2023,005,MAHKAMAH AGUNG
85e0f2d0-19d9-4fd3-96fe-52fe016889dd,Neraca,137111,Akumulasi Penyusutan Peralatan dan Mesin,-3750019135004.0,2023,005,MAHKAMAH AGUNG
85e0f2d0-19d9-4fd3-96fe-52fe016889dd,Neraca,137211,Akumulasi Penyusutan Gedung dan Bangunan,-2276298045498.0,2023,005,MAHKAMAH AGUNG
85e0f2d0-19d9-4fd3-96fe-52fe016889dd,Neraca,137311,Akumulasi Penyusutan Jalan dan Jembatan,-6868145387.0,2023,005,MAHKAMAH AGUNG
85e0f2d0-19d9-4fd3-96fe-52fe016889dd,Neraca,137312,Akumulasi Penyusutan Irigasi,-1699643342.0,2023,005,MAHKAMAH AGUNG
85e0f2d0-19d9-4fd3-96fe-52fe016889dd,Neraca,137313,Akumulasi Penyusutan Jaringan,-12696162729.0,2023,005,MAHKAMAH AGUNG
85e0f2d0-19d9-4fd3-96fe-52fe016889dd,Neraca,137411,Akumulasi Penyusutan Aset Tetap Lainnya,-579536647.0,2023,005,MAHKAMAH AGUNG
85e0f2d0-19d9-4fd3-96fe-52fe016889dd,Neraca,162151,Software,71232278701.0,2023,005,MAHKAMAH AGUNG
85e0f2d0-19d9-4fd3-96fe-52fe016889dd,Neraca,162161,Lisensi,32316840061.0,2023,005,MAHKAMAH AGUNG
85e0f2d0-19d9-4fd3-96fe-52fe016889dd,Neraca,162171,Hasil Kajian/Penelitian,1804868600.0,2023,005,MAHKAMAH AGUNG
85e0f2d0-19d9-4fd3-96fe-52fe016889dd,Neraca,162191,Aset Tak Berwujud Lainnya,4660012353.0,2023,005,MAHKAMAH AGUNG
85e0f2d0-19d9-4fd3-96fe-52fe016889dd,Neraca,166112,Aset Tetap yang tidak digunakan dalam operasi pemerintahan,160277048880.0,2023,005,MAHKAMAH AGUNG
85e0f2d0-19d9-4fd3-96fe-52fe016889dd,Neraca,166113,Aset Tak Berwujud yang tidak digunakan dalam Operasional,1644900130.0,2023,005,MAHKAMAH AGUNG
85e0f2d0-19d9-4fd3-96fe-52fe016889dd,Neraca,169122,Akumulasi Penyusutan Aset Tetap yang Tidak Digunakan dalam,-150454857442.0,2023,005,MAHKAMAH AGUNG
85e0f2d0-19d9-4fd3-96fe-52fe016889dd,Neraca,169315,Akumulasi Amortisasi Software,-44029441166.0,2023,005,MAHKAMAH AGUNG
85e0f2d0-19d9-4fd3-96fe-52fe016889dd,Neraca,169316,Akumulasi Amortisasi Lisensi,-7060151484.0,2023,005,MAHKAMAH AGUNG
85e0f2d0-19d9-4fd3-96fe-52fe016889dd,Neraca,169318,Akumulasi Amortisasi  Aset Tak Berwujud  yang tidak digunakan,-1636000130.0,2023,005,MAHKAMAH AGUNG
85e0f2d0-19d9-4fd3-96fe-52fe016889dd,Neraca,117111,Barang Konsumsi,30639540804.0,2023,006,KEJAKSAAN REPUBLIK INDONESIA
85e0f2d0-19d9-4fd3-96fe-52fe016889dd,Neraca,117113,Bahan untuk Pemeliharaan,168313738.0,2023,006,KEJAKSAAN REPUBLIK INDONESIA
85e0f2d0-19d9-4fd3-96fe-52fe016889dd,Neraca,117122,Tanah Bangunan untuk dijual atau diserahkan kepada Masyarakat,2982708754232.0,2023,006,KEJAKSAAN REPUBLIK INDONESIA
85e0f2d0-19d9-4fd3-96fe-52fe016889dd,Neraca,117123,Hewan dan Tanaman untuk dijual atau diserahkan kepada,5683586216.0,2023,006,KEJAKSAAN REPUBLIK INDONESIA
85e0f2d0-19d9-4fd3-96fe-52fe016889dd,Neraca,117124,Peralatan dan Mesin untuk dijual atau diserahkan kepada,83952736173.0,2023,006,KEJAKSAAN REPUBLIK INDONESIA
85e0f2d0-19d9-4fd3-96fe-52fe016889dd,Neraca,117126,Aset Tetap Lainnya untuk diserahkan kepada Masyarakat,6194825196.0,2023,006,KEJAKSAAN REPUBLIK INDONESIA
85e0f2d0-19d9-4fd3-96fe-52fe016889dd,Neraca,117127,Aset Lain-Lain untuk diserahkan kepada Masyarakat,4091552903829.0,2023,006,KEJAKSAAN REPUBLIK INDONESIA
85e0f2d0-19d9-4fd3-96fe-52fe016889dd,Neraca,117128,Barang Persediaan Lainnya untuk Dijual/Diserahkan ke Masyarakat,4136140741.0,2023,006,KEJAKSAAN REPUBLIK INDONESIA
85e0f2d0-19d9-4fd3-96fe-52fe016889dd,Neraca,117131,Bahan Baku,600000.0,2023,006,KEJAKSAAN REPUBLIK INDONESIA
85e0f2d0-19d9-4fd3-96fe-52fe016889dd,Neraca,131111,Tanah,17983149913846.0,2023,006,KEJAKSAAN REPUBLIK INDONESIA
85e0f2d0-19d9-4fd3-96fe-52fe016889dd,Neraca,132111,Peralatan dan Mesin,12301278014398.0,2023,006,KEJAKSAAN REPUBLIK INDONESIA
85e0f2d0-19d9-4fd3-96fe-52fe016889dd,Neraca,133111,Gedung dan Bangunan,8403636877264.0,2023,006,KEJAKSAAN REPUBLIK INDONESIA
85e0f2d0-19d9-4fd3-96fe-52fe016889dd,Neraca,134111,Jalan dan Jembatan,25206397707.0,2023,006,KEJAKSAAN REPUBLIK INDONESIA
85e0f2d0-19d9-4fd3-96fe-52fe016889dd,Neraca,134112,Irigasi,9091919739.0,2023,006,KEJAKSAAN REPUBLIK INDONESIA
85e0f2d0-19d9-4fd3-96fe-52fe016889dd,Neraca,134113,Jaringan,42418557105.0,2023,006,KEJAKSAAN REPUBLIK INDONESIA
85e0f2d0-19d9-4fd3-96fe-52fe016889dd,Neraca,135121,Aset Tetap Lainnya,13800884309.0,2023,006,KEJAKSAAN REPUBLIK INDONESIA
85e0f2d0-19d9-4fd3-96fe-52fe016889dd,Neraca,136111,Konstruksi Dalam pengerjaan,2326194077546.0,2023,006,KEJAKSAAN REPUBLIK INDONESIA
85e0f2d0-19d9-4fd3-96fe-52fe016889dd,Neraca,137111,Akumulasi Penyusutan Peralatan dan Mesin,-6290060866917.0,2023,006,KEJAKSAAN REPUBLIK INDONESIA
85e0f2d0-19d9-4fd3-96fe-52fe016889dd,Neraca,137211,Akumulasi Penyusutan Gedung dan Bangunan,-1305566219459.0,2023,006,KEJAKSAAN REPUBLIK INDONESIA
85e0f2d0-19d9-4fd3-96fe-52fe016889dd,Neraca,137311,Akumulasi Penyusutan Jalan dan Jembatan,-17367938425.0,2023,006,KEJAKSAAN REPUBLIK INDONESIA
85e0f2d0-19d9-4fd3-96fe-52fe016889dd,Neraca,137312,Akumulasi Penyusutan Irigasi,-3672766747.0,2023,006,KEJAKSAAN REPUBLIK INDONESIA
85e0f2d0-19d9-4fd3-96fe-52fe016889dd,Neraca,137313,Akumulasi Penyusutan Jaringan,-11204684660.0,2023,006,KEJAKSAAN REPUBLIK INDONESIA
85e0f2d0-19d9-4fd3-96fe-52fe016889dd,Neraca,137411,Akumulasi Penyusutan Aset Tetap Lainnya,-579847464.0,2023,006,KEJAKSAAN REPUBLIK INDONESIA
85e0f2d0-19d9-4fd3-96fe-52fe016889dd,Neraca,162151,Software,6260974746504.0,2023,006,KEJAKSAAN REPUBLIK INDONESIA
85e0f2d0-19d9-4fd3-96fe-52fe016889dd,Neraca,166112,Aset Tetap yang tidak digunakan dalam operasi pemerintahan,125546595435.0,2023,006,KEJAKSAAN REPUBLIK INDONESIA
85e0f2d0-19d9-4fd3-96fe-52fe016889dd,Neraca,166113,Aset Tak Berwujud yang tidak digunakan dalam Operasional,17500000.0,2023,006,KEJAKSAAN REPUBLIK INDONESIA
85e0f2d0-19d9-4fd3-96fe-52fe016889dd,Neraca,169122,Akumulasi Penyusutan Aset Tetap yang Tidak Digunakan dalam,-112512549830.0,2023,006,KEJAKSAAN REPUBLIK INDONESIA
85e0f2d0-19d9-4fd3-96fe-52fe016889dd,Neraca,169315,Akumulasi Amortisasi Software,-1976483798724.0,2023,006,KEJAKSAAN REPUBLIK INDONESIA
85e0f2d0-19d9-4fd3-96fe-52fe016889dd,Neraca,169318,Akumulasi Amortisasi  Aset Tak Berwujud  yang tidak digunakan,-16312500.0,2023,006,KEJAKSAAN REPUBLIK INDONESIA
85e0f2d0-19d9-4fd3-96fe-52fe016889dd,Neraca,117111,Barang Konsumsi,16414070800.0,2023,007,KEMENTERIAN SEKRETARIAT NEGARA
85e0f2d0-19d9-4fd3-96fe-52fe016889dd,Neraca,117113,Bahan untuk Pemeliharaan,10853633450.0,2023,007,KEMENTERIAN SEKRETARIAT NEGARA
85e0f2d0-19d9-4fd3-96fe-52fe016889dd,Neraca,117114,Suku Cadang,741253522953.0,2023,007,KEMENTERIAN SEKRETARIAT NEGARA
85e0f2d0-19d9-4fd3-96fe-52fe016889dd,Neraca,117122,Tanah Bangunan untuk dijual atau diserahkan kepada Masyarakat,301731447500.0,2023,007,KEMENTERIAN SEKRETARIAT NEGARA
85e0f2d0-19d9-4fd3-96fe-52fe016889dd,Neraca,117128,Barang Persediaan Lainnya untuk Dijual/Diserahkan ke Masyarakat,21750404380.0,2023,007,KEMENTERIAN SEKRETARIAT NEGARA
85e0f2d0-19d9-4fd3-96fe-52fe016889dd,Neraca,117129,Persediaan Lainnya Untuk Diserahkan Kepada Masyarakat – Dalam,2584977988.0,2023,007,KEMENTERIAN SEKRETARIAT NEGARA
85e0f2d0-19d9-4fd3-96fe-52fe016889dd,Neraca,117131,Bahan Baku,557858105.0,2023,007,KEMENTERIAN SEKRETARIAT NEGARA
85e0f2d0-19d9-4fd3-96fe-52fe016889dd,Neraca,117191,Persediaan untuk Tujuan Strategis/Berjaga-jaga,18466000.0,2023,007,KEMENTERIAN SEKRETARIAT NEGARA
85e0f2d0-19d9-4fd3-96fe-52fe016889dd,Neraca,117199,Persediaan Lainnya,2291745318.0,2023,007,KEMENTERIAN SEKRETARIAT NEGARA
85e0f2d0-19d9-4fd3-96fe-52fe016889dd,Neraca,131111,Tanah,586372839238093.0,2023,007,KEMENTERIAN SEKRETARIAT NEGARA
85e0f2d0-19d9-4fd3-96fe-52fe016889dd,Neraca,132111,Peralatan dan Mesin,4628623915530.0,2023,007,KEMENTERIAN SEKRETARIAT NEGARA
85e0f2d0-19d9-4fd3-96fe-52fe016889dd,Neraca,133111,Gedung dan Bangunan,6619861070178.0,2023,007,KEMENTERIAN SEKRETARIAT NEGARA
85e0f2d0-19d9-4fd3-96fe-52fe016889dd,Neraca,134111,Jalan dan Jembatan,391805182751.0,2023,007,KEMENTERIAN SEKRETARIAT NEGARA
85e0f2d0-19d9-4fd3-96fe-52fe016889dd,Neraca,134112,Irigasi,384586989655.0,2023,007,KEMENTERIAN SEKRETARIAT NEGARA
85e0f2d0-19d9-4fd3-96fe-52fe016889dd,Neraca,134113,Jaringan,202277800659.0,2023,007,KEMENTERIAN SEKRETARIAT NEGARA
85e0f2d0-19d9-4fd3-96fe-52fe016889dd,Neraca,135111,Aset Tetap Renovasi,8208305542.0,2023,007,KEMENTERIAN SEKRETARIAT NEGARA
85e0f2d0-19d9-4fd3-96fe-52fe016889dd,Neraca,135121,Aset Tetap Lainnya,3209105244088.0,2023,007,KEMENTERIAN SEKRETARIAT NEGARA
85e0f2d0-19d9-4fd3-96fe-52fe016889dd,Neraca,136111,Konstruksi Dalam pengerjaan,18100915790.0,2023,007,KEMENTERIAN SEKRETARIAT NEGARA
85e0f2d0-19d9-4fd3-96fe-52fe016889dd,Neraca,137111,Akumulasi Penyusutan Peralatan dan Mesin,-3438499238649.0,2023,007,KEMENTERIAN SEKRETARIAT NEGARA
85e0f2d0-19d9-4fd3-96fe-52fe016889dd,Neraca,137211,Akumulasi Penyusutan Gedung dan Bangunan,-1496183897236.0,2023,007,KEMENTERIAN SEKRETARIAT NEGARA
85e0f2d0-19d9-4fd3-96fe-52fe016889dd,Neraca,137311,Akumulasi Penyusutan Jalan dan Jembatan,-319419797023.0,2023,007,KEMENTERIAN SEKRETARIAT NEGARA
85e0f2d0-19d9-4fd3-96fe-52fe016889dd,Neraca,137312,Akumulasi Penyusutan Irigasi,-84441607481.0,2023,007,KEMENTERIAN SEKRETARIAT NEGARA
85e0f2d0-19d9-4fd3-96fe-52fe016889dd,Neraca,137313,Akumulasi Penyusutan Jaringan,-84062851606.0,2023,007,KEMENTERIAN SEKRETARIAT NEGARA
85e0f2d0-19d9-4fd3-96fe-52fe016889dd,Neraca,137411,Akumulasi Penyusutan Aset Tetap Lainnya,-4945012487.0,2023,007,KEMENTERIAN SEKRETARIAT NEGARA
85e0f2d0-19d9-4fd3-96fe-52fe016889dd,Neraca,138311,Properti Investasi,811234807908.0,2023,007,KEMENTERIAN SEKRETARIAT NEGARA
85e0f2d0-19d9-4fd3-96fe-52fe016889dd,Neraca,138411,Akumulasi Penyusutan Properti Investasi,-110466242265.0,2023,007,KEMENTERIAN SEKRETARIAT NEGARA
85e0f2d0-19d9-4fd3-96fe-52fe016889dd,Neraca,161111,Kemitraan Dengan Pihak Ketiga,34071216966257.0,2023,007,KEMENTERIAN SEKRETARIAT NEGARA
85e0f2d0-19d9-4fd3-96fe-52fe016889dd,Neraca,162151,Software,72814824908.0,2023,007,KEMENTERIAN SEKRETARIAT NEGARA
85e0f2d0-19d9-4fd3-96fe-52fe016889dd,Neraca,162161,Lisensi,3449133359.0,2023,007,KEMENTERIAN SEKRETARIAT NEGARA
85e0f2d0-19d9-4fd3-96fe-52fe016889dd,Neraca,162171,Hasil Kajian/Penelitian,525000000.0,2023,007,KEMENTERIAN SEKRETARIAT NEGARA
85e0f2d0-19d9-4fd3-96fe-52fe016889dd,Neraca,162191,Aset Tak Berwujud Lainnya,2104954000.0,2023,007,KEMENTERIAN SEKRETARIAT NEGARA
85e0f2d0-19d9-4fd3-96fe-52fe016889dd,Neraca,166112,Aset Tetap yang tidak digunakan dalam operasi pemerintahan,225424410385.0,2023,007,KEMENTERIAN SEKRETARIAT NEGARA
85e0f2d0-19d9-4fd3-96fe-52fe016889dd,Neraca,166113,Aset Tak Berwujud yang tidak digunakan dalam Operasional,437745011.0,2023,007,KEMENTERIAN SEKRETARIAT NEGARA
85e0f2d0-19d9-4fd3-96fe-52fe016889dd,Neraca,169111,Akumulasi Penyusutan Kemitraan dengan Pihak ketiga,-690210712409.0,2023,007,KEMENTERIAN SEKRETARIAT NEGARA
85e0f2d0-19d9-4fd3-96fe-52fe016889dd,Neraca,169122,Akumulasi Penyusutan Aset Tetap yang Tidak Digunakan dalam,-137336011313.0,2023,007,KEMENTERIAN SEKRETARIAT NEGARA
85e0f2d0-19d9-4fd3-96fe-52fe016889dd,Neraca,169315,Akumulasi Amortisasi Software,-59337302298.0,2023,007,KEMENTERIAN SEKRETARIAT NEGARA
85e0f2d0-19d9-4fd3-96fe-52fe016889dd,Neraca,169316,Akumulasi Amortisasi Lisensi,-2418249600.0,2023,007,KEMENTERIAN SEKRETARIAT NEGARA
85e0f2d0-19d9-4fd3-96fe-52fe016889dd,Neraca,169317,Akumulasi Amortisasi Aset Tak Berwujud Lainnya,-39600000.0,2023,007,KEMENTERIAN SEKRETARIAT NEGARA
85e0f2d0-19d9-4fd3-96fe-52fe016889dd,Neraca,169318,Akumulasi Amortisasi  Aset Tak Berwujud  yang tidak digunakan,-437745011.0,2023,007,KEMENTERIAN SEKRETARIAT NEGARA
85e0f2d0-19d9-4fd3-96fe-52fe016889dd,Neraca,117111,Barang Konsumsi,4820224266.0,2023,010,KEMENTERIAN DALAM  NEGERI
85e0f2d0-19d9-4fd3-96fe-52fe016889dd,Neraca,117113,Bahan untuk Pemeliharaan,571237942.0,2023,010,KEMENTERIAN DALAM  NEGERI
85e0f2d0-19d9-4fd3-96fe-52fe016889dd,Neraca,117114,Suku Cadang,116491222.0,2023,010,KEMENTERIAN DALAM  NEGERI
85e0f2d0-19d9-4fd3-96fe-52fe016889dd,Neraca,117122,Tanah Bangunan untuk dijual atau diserahkan kepada Masyarakat,24018854178.0,2023,010,KEMENTERIAN DALAM  NEGERI
85e0f2d0-19d9-4fd3-96fe-52fe016889dd,Neraca,117124,Peralatan dan Mesin untuk dijual atau diserahkan kepada,4629222674.0,2023,010,KEMENTERIAN DALAM  NEGERI
85e0f2d0-19d9-4fd3-96fe-52fe016889dd,Neraca,117125,"Jalan, Irigasi dan Jaringan untuk diserahkan kepada Masyarakat",5095980150.0,2023,010,KEMENTERIAN DALAM  NEGERI
85e0f2d0-19d9-4fd3-96fe-52fe016889dd,Neraca,117126,Aset Tetap Lainnya untuk diserahkan kepada Masyarakat,446822000.0,2023,010,KEMENTERIAN DALAM  NEGERI
85e0f2d0-19d9-4fd3-96fe-52fe016889dd,Neraca,117127,Aset Lain-Lain untuk diserahkan kepada Masyarakat,161839086224.0,2023,010,KEMENTERIAN DALAM  NEGERI
85e0f2d0-19d9-4fd3-96fe-52fe016889dd,Neraca,117128,Barang Persediaan Lainnya untuk Dijual/Diserahkan ke Masyarakat,5154135762.0,2023,010,KEMENTERIAN DALAM  NEGERI
85e0f2d0-19d9-4fd3-96fe-52fe016889dd,Neraca,117129,Persediaan Lainnya Untuk Diserahkan Kepada Masyarakat – Dalam,925651980.0,2023,010,KEMENTERIAN DALAM  NEGERI
85e0f2d0-19d9-4fd3-96fe-52fe016889dd,Neraca,117199,Persediaan Lainnya,1307638348.0,2023,010,KEMENTERIAN DALAM  NEGERI
85e0f2d0-19d9-4fd3-96fe-52fe016889dd,Neraca,131111,Tanah,13181470107022.0,2023,010,KEMENTERIAN DALAM  NEGERI
85e0f2d0-19d9-4fd3-96fe-52fe016889dd,Neraca,132111,Peralatan dan Mesin,3662040317954.0,2023,010,KEMENTERIAN DALAM  NEGERI
85e0f2d0-19d9-4fd3-96fe-52fe016889dd,Neraca,133111,Gedung dan Bangunan,2903829758243.0,2023,010,KEMENTERIAN DALAM  NEGERI
85e0f2d0-19d9-4fd3-96fe-52fe016889dd,Neraca,134111,Jalan dan Jembatan,77455535246.0,2023,010,KEMENTERIAN DALAM  NEGERI
85e0f2d0-19d9-4fd3-96fe-52fe016889dd,Neraca,134112,Irigasi,48092788537.0,2023,010,KEMENTERIAN DALAM  NEGERI
85e0f2d0-19d9-4fd3-96fe-52fe016889dd,Neraca,134113,Jaringan,167663109468.0,2023,010,KEMENTERIAN DALAM  NEGERI
85e0f2d0-19d9-4fd3-96fe-52fe016889dd,Neraca,135111,Aset Tetap Renovasi,95907092542.0,2023,010,KEMENTERIAN DALAM  NEGERI
85e0f2d0-19d9-4fd3-96fe-52fe016889dd,Neraca,135121,Aset Tetap Lainnya,52175694675.0,2023,010,KEMENTERIAN DALAM  NEGERI
85e0f2d0-19d9-4fd3-96fe-52fe016889dd,Neraca,136111,Konstruksi Dalam pengerjaan,29571282509.0,2023,010,KEMENTERIAN DALAM  NEGERI
85e0f2d0-19d9-4fd3-96fe-52fe016889dd,Neraca,137111,Akumulasi Penyusutan Peralatan dan Mesin,-3274985982710.0,2023,010,KEMENTERIAN DALAM  NEGERI
85e0f2d0-19d9-4fd3-96fe-52fe016889dd,Neraca,137211,Akumulasi Penyusutan Gedung dan Bangunan,-486230813580.0,2023,010,KEMENTERIAN DALAM  NEGERI
85e0f2d0-19d9-4fd3-96fe-52fe016889dd,Neraca,137311,Akumulasi Penyusutan Jalan dan Jembatan,-51142326467.0,2023,010,KEMENTERIAN DALAM  NEGERI
85e0f2d0-19d9-4fd3-96fe-52fe016889dd,Neraca,137312,Akumulasi Penyusutan Irigasi,-28558348182.0,2023,010,KEMENTERIAN DALAM  NEGERI
85e0f2d0-19d9-4fd3-96fe-52fe016889dd,Neraca,137313,Akumulasi Penyusutan Jaringan,-66995459088.0,2023,010,KEMENTERIAN DALAM  NEGERI
85e0f2d0-19d9-4fd3-96fe-52fe016889dd,Neraca,137411,Akumulasi Penyusutan Aset Tetap Lainnya,-94678343010.0,2023,010,KEMENTERIAN DALAM  NEGERI
85e0f2d0-19d9-4fd3-96fe-52fe016889dd,Neraca,162151,Software,723023120151.0,2023,010,KEMENTERIAN DALAM  NEGERI
85e0f2d0-19d9-4fd3-96fe-52fe016889dd,Neraca,162161,Lisensi,18323236001.0,2023,010,KEMENTERIAN DALAM  NEGERI
85e0f2d0-19d9-4fd3-96fe-52fe016889dd,Neraca,162171,Hasil Kajian/Penelitian,2271764600.0,2023,010,KEMENTERIAN DALAM  NEGERI
85e0f2d0-19d9-4fd3-96fe-52fe016889dd,Neraca,162191,Aset Tak Berwujud Lainnya,5458069600.0,2023,010,KEMENTERIAN DALAM  NEGERI
85e0f2d0-19d9-4fd3-96fe-52fe016889dd,Neraca,166112,Aset Tetap yang tidak digunakan dalam operasi pemerintahan,81699292449.0,2023,010,KEMENTERIAN DALAM  NEGERI
85e0f2d0-19d9-4fd3-96fe-52fe016889dd,Neraca,166113,Aset Tak Berwujud yang tidak digunakan dalam Operasional,128868053152.0,2023,010,KEMENTERIAN DALAM  NEGERI
85e0f2d0-19d9-4fd3-96fe-52fe016889dd,Neraca,169122,Akumulasi Penyusutan Aset Tetap yang Tidak Digunakan dalam,-77539537195.0,2023,010,KEMENTERIAN DALAM  NEGERI
85e0f2d0-19d9-4fd3-96fe-52fe016889dd,Neraca,169315,Akumulasi Amortisasi Software,-668180698618.0,2023,010,KEMENTERIAN DALAM  NEGERI
85e0f2d0-19d9-4fd3-96fe-52fe016889dd,Neraca,169316,Akumulasi Amortisasi Lisensi,-3022601394.0,2023,010,KEMENTERIAN DALAM  NEGERI
85e0f2d0-19d9-4fd3-96fe-52fe016889dd,Neraca,169318,Akumulasi Amortisasi  Aset Tak Berwujud  yang tidak digunakan,-119017082452.0,2023,010,KEMENTERIAN DALAM  NEGERI
85e0f2d0-19d9-4fd3-96fe-52fe016889dd,Neraca,117111,Barang Konsumsi,73776224466.0,2023,011,KEMENTERIAN LUAR NEGERI
85e0f2d0-19d9-4fd3-96fe-52fe016889dd,Neraca,117113,Bahan untuk Pemeliharaan,2669180441.0,2023,011,KEMENTERIAN LUAR NEGERI
85e0f2d0-19d9-4fd3-96fe-52fe016889dd,Neraca,117199,Persediaan Lainnya,729776119.0,2023,011,KEMENTERIAN LUAR NEGERI
85e0f2d0-19d9-4fd3-96fe-52fe016889dd,Neraca,131111,Tanah,43463960763796.0,2023,011,KEMENTERIAN LUAR NEGERI
85e0f2d0-19d9-4fd3-96fe-52fe016889dd,Neraca,132111,Peralatan dan Mesin,3076611169074.0,2023,011,KEMENTERIAN LUAR NEGERI
85e0f2d0-19d9-4fd3-96fe-52fe016889dd,Neraca,133111,Gedung dan Bangunan,9986946928696.0,2023,011,KEMENTERIAN LUAR NEGERI
85e0f2d0-19d9-4fd3-96fe-52fe016889dd,Neraca,134111,Jalan dan Jembatan,19751557660.0,2023,011,KEMENTERIAN LUAR NEGERI
85e0f2d0-19d9-4fd3-96fe-52fe016889dd,Neraca,134112,Irigasi,371232000.0,2023,011,KEMENTERIAN LUAR NEGERI
85e0f2d0-19d9-4fd3-96fe-52fe016889dd,Neraca,134113,Jaringan,6634578419.0,2023,011,KEMENTERIAN LUAR NEGERI
85e0f2d0-19d9-4fd3-96fe-52fe016889dd,Neraca,135111,Aset Tetap Renovasi,8333676043.0,2023,011,KEMENTERIAN LUAR NEGERI
85e0f2d0-19d9-4fd3-96fe-52fe016889dd,Neraca,135121,Aset Tetap Lainnya,46522598978.0,2023,011,KEMENTERIAN LUAR NEGERI
85e0f2d0-19d9-4fd3-96fe-52fe016889dd,Neraca,136111,Konstruksi Dalam pengerjaan,750510802286.0,2023,011,KEMENTERIAN LUAR NEGERI
85e0f2d0-19d9-4fd3-96fe-52fe016889dd,Neraca,137111,Akumulasi Penyusutan Peralatan dan Mesin,-2380460882626.0,2023,011,KEMENTERIAN LUAR NEGERI
85e0f2d0-19d9-4fd3-96fe-52fe016889dd,Neraca,137211,Akumulasi Penyusutan Gedung dan Bangunan,-2832851711498.0,2023,011,KEMENTERIAN LUAR NEGERI
85e0f2d0-19d9-4fd3-96fe-52fe016889dd,Neraca,137311,Akumulasi Penyusutan Jalan dan Jembatan,-17696061299.0,2023,011,KEMENTERIAN LUAR NEGERI
85e0f2d0-19d9-4fd3-96fe-52fe016889dd,Neraca,137312,Akumulasi Penyusutan Irigasi,-241918247.0,2023,011,KEMENTERIAN LUAR NEGERI
85e0f2d0-19d9-4fd3-96fe-52fe016889dd,Neraca,137313,Akumulasi Penyusutan Jaringan,-2543200854.0,2023,011,KEMENTERIAN LUAR NEGERI
85e0f2d0-19d9-4fd3-96fe-52fe016889dd,Neraca,137411,Akumulasi Penyusutan Aset Tetap Lainnya,-8778897365.0,2023,011,KEMENTERIAN LUAR NEGERI
85e0f2d0-19d9-4fd3-96fe-52fe016889dd,Neraca,161111,Kemitraan Dengan Pihak Ketiga,156068872428.0,2023,011,KEMENTERIAN LUAR NEGERI
85e0f2d0-19d9-4fd3-96fe-52fe016889dd,Neraca,162151,Software,55786407719.0,2023,011,KEMENTERIAN LUAR NEGERI
85e0f2d0-19d9-4fd3-96fe-52fe016889dd,Neraca,162161,Lisensi,23249983127.0,2023,011,KEMENTERIAN LUAR NEGERI
85e0f2d0-19d9-4fd3-96fe-52fe016889dd,Neraca,162191,Aset Tak Berwujud Lainnya,38850000.0,2023,011,KEMENTERIAN LUAR NEGERI
85e0f2d0-19d9-4fd3-96fe-52fe016889dd,Neraca,166112,Aset Tetap yang tidak digunakan dalam operasi pemerintahan,316238928456.0,2023,011,KEMENTERIAN LUAR NEGERI
85e0f2d0-19d9-4fd3-96fe-52fe016889dd,Neraca,166113,Aset Tak Berwujud yang tidak digunakan dalam Operasional,15752801109.0,2023,011,KEMENTERIAN LUAR NEGERI
85e0f2d0-19d9-4fd3-96fe-52fe016889dd,Neraca,169122,Akumulasi Penyusutan Aset Tetap yang Tidak Digunakan dalam,-67679714893.0,2023,011,KEMENTERIAN LUAR NEGERI
85e0f2d0-19d9-4fd3-96fe-52fe016889dd,Neraca,169315,Akumulasi Amortisasi Software,-42094400080.0,2023,011,KEMENTERIAN LUAR NEGERI
85e0f2d0-19d9-4fd3-96fe-52fe016889dd,Neraca,169316,Akumulasi Amortisasi Lisensi,-15066871365.0,2023,011,KEMENTERIAN LUAR NEGERI
85e0f2d0-19d9-4fd3-96fe-52fe016889dd,Neraca,169318,Akumulasi Amortisasi  Aset Tak Berwujud  yang tidak digunakan,-15631952417.0,2023,011,KEMENTERIAN LUAR NEGERI
bcba91c5-6617-4737-a959-8b0111ad7cf5,Saldo Awal,117111,Barang Konsumsi,18780590985.0,2023,001,MAJELIS PERMUSYAWARATAN RAKYAT
bcba91c5-6617-4737-a959-8b0111ad7cf5,Saldo Awal,117113,Bahan untuk Pemeliharaan,302653350.0,2023,001,MAJELIS PERMUSYAWARATAN RAKYAT
bcba91c5-6617-4737-a959-8b0111ad7cf5,Saldo Awal,117131,Bahan Baku,40020384.0,2023,001,MAJELIS PERMUSYAWARATAN RAKYAT
bcba91c5-6617-4737-a959-8b0111ad7cf5,Saldo Awal,117199,Persediaan Lainnya,35369989.0,2023,001,MAJELIS PERMUSYAWARATAN RAKYAT
bcba91c5-6617-4737-a959-8b0111ad7cf5,Saldo Awal,131111,Tanah,835960489740.0,2023,001,MAJELIS PERMUSYAWARATAN RAKYAT
bcba91c5-6617-4737-a959-8b0111ad7cf5,Saldo Awal,132111,Peralatan dan Mesin,181928791247.0,2023,001,MAJELIS PERMUSYAWARATAN RAKYAT
bcba91c5-6617-4737-a959-8b0111ad7cf5,Saldo Awal,133111,Gedung dan Bangunan,237241364068.0,2023,001,MAJELIS PERMUSYAWARATAN RAKYAT
bcba91c5-6617-4737-a959-8b0111ad7cf5,Saldo Awal,134113,Jaringan,13646277700.0,2023,001,MAJELIS PERMUSYAWARATAN RAKYAT
bcba91c5-6617-4737-a959-8b0111ad7cf5,Saldo Awal,135111,Aset Tetap Renovasi,1196690446.0,2023,001,MAJELIS PERMUSYAWARATAN RAKYAT
bcba91c5-6617-4737-a959-8b0111ad7cf5,Saldo Awal,135121,Aset Tetap Lainnya,8196435818.0,2023,001,MAJELIS PERMUSYAWARATAN RAKYAT
bcba91c5-6617-4737-a959-8b0111ad7cf5,Saldo Awal,136111,Konstruksi Dalam pengerjaan,2872760000.0,2023,001,MAJELIS PERMUSYAWARATAN RAKYAT
bcba91c5-6617-4737-a959-8b0111ad7cf5,Saldo Awal,137111,Akumulasi Penyusutan Peralatan dan Mesin,-154687154859.0,2023,001,MAJELIS PERMUSYAWARATAN RAKYAT
bcba91c5-6617-4737-a959-8b0111ad7cf5,Saldo Awal,137211,Akumulasi Penyusutan Gedung dan Bangunan,-43492062034.0,2023,001,MAJELIS PERMUSYAWARATAN RAKYAT
bcba91c5-6617-4737-a959-8b0111ad7cf5,Saldo Awal,137313,Akumulasi Penyusutan Jaringan,-4962971604.0,2023,001,MAJELIS PERMUSYAWARATAN RAKYAT
bcba91c5-6617-4737-a959-8b0111ad7cf5,Saldo Awal,162151,Software,9432076900.0,2023,001,MAJELIS PERMUSYAWARATAN RAKYAT
bcba91c5-6617-4737-a959-8b0111ad7cf5,Saldo Awal,162161,Lisensi,257276000.0,2023,001,MAJELIS PERMUSYAWARATAN RAKYAT
bcba91c5-6617-4737-a959-8b0111ad7cf5,Saldo Awal,166112,Aset Tetap yang tidak digunakan dalam operasi pemerintahan,50054624050.0,2023,001,MAJELIS PERMUSYAWARATAN RAKYAT
bcba91c5-6617-4737-a959-8b0111ad7cf5,Saldo Awal,166113,Aset Tak Berwujud yang tidak digunakan dalam Operasional,344000000.0,2023,001,MAJELIS PERMUSYAWARATAN RAKYAT
bcba91c5-6617-4737-a959-8b0111ad7cf5,Saldo Awal,169122,Akumulasi Penyusutan Aset Tetap yang Tidak Digunakan dalam,-16998827964.0,2023,001,MAJELIS PERMUSYAWARATAN RAKYAT
bcba91c5-6617-4737-a959-8b0111ad7cf5,Saldo Awal,169315,Akumulasi Amortisasi Software,-6504033432.0,2023,001,MAJELIS PERMUSYAWARATAN RAKYAT
bcba91c5-6617-4737-a959-8b0111ad7cf5,Saldo Awal,169316,Akumulasi Amortisasi Lisensi,-12863800.0,2023,001,MAJELIS PERMUSYAWARATAN RAKYAT
bcba91c5-6617-4737-a959-8b0111ad7cf5,Saldo Awal,169318,Akumulasi Amortisasi  Aset Tak Berwujud  yang tidak digunakan,-344000000.0,2023,001,MAJELIS PERMUSYAWARATAN RAKYAT
bcba91c5-6617-4737-a959-8b0111ad7cf5,Saldo Awal,117111,Barang Konsumsi,47554436479.0,2023,002,DEWAN PERWAKILAN RAKYAT
bcba91c5-6617-4737-a959-8b0111ad7cf5,Saldo Awal,117113,Bahan untuk Pemeliharaan,2418520593.0,2023,002,DEWAN PERWAKILAN RAKYAT
bcba91c5-6617-4737-a959-8b0111ad7cf5,Saldo Awal,117114,Suku Cadang,1014378871.0,2023,002,DEWAN PERWAKILAN RAKYAT
bcba91c5-6617-4737-a959-8b0111ad7cf5,Saldo Awal,131111,Tanah,1149551587259.0,2023,002,DEWAN PERWAKILAN RAKYAT
bcba91c5-6617-4737-a959-8b0111ad7cf5,Saldo Awal,132111,Peralatan dan Mesin,2479183723816.0,2023,002,DEWAN PERWAKILAN RAKYAT
bcba91c5-6617-4737-a959-8b0111ad7cf5,Saldo Awal,133111,Gedung dan Bangunan,1068369335092.0,2023,002,DEWAN PERWAKILAN RAKYAT
bcba91c5-6617-4737-a959-8b0111ad7cf5,Saldo Awal,134111,Jalan dan Jembatan,40472336123.0,2023,002,DEWAN PERWAKILAN RAKYAT
bcba91c5-6617-4737-a959-8b0111ad7cf5,Saldo Awal,134112,Irigasi,5496311779.0,2023,002,DEWAN PERWAKILAN RAKYAT
bcba91c5-6617-4737-a959-8b0111ad7cf5,Saldo Awal,134113,Jaringan,69318830204.0,2023,002,DEWAN PERWAKILAN RAKYAT
bcba91c5-6617-4737-a959-8b0111ad7cf5,Saldo Awal,135111,Aset Tetap Renovasi,132250000.0,2023,002,DEWAN PERWAKILAN RAKYAT
bcba91c5-6617-4737-a959-8b0111ad7cf5,Saldo Awal,135121,Aset Tetap Lainnya,7517702795.0,2023,002,DEWAN PERWAKILAN RAKYAT
bcba91c5-6617-4737-a959-8b0111ad7cf5,Saldo Awal,136111,Konstruksi Dalam pengerjaan,2036223000.0,2023,002,DEWAN PERWAKILAN RAKYAT
bcba91c5-6617-4737-a959-8b0111ad7cf5,Saldo Awal,137111,Akumulasi Penyusutan Peralatan dan Mesin,-1717481790313.0,2023,002,DEWAN PERWAKILAN RAKYAT
bcba91c5-6617-4737-a959-8b0111ad7cf5,Saldo Awal,137211,Akumulasi Penyusutan Gedung dan Bangunan,-187604104681.0,2023,002,DEWAN PERWAKILAN RAKYAT
bcba91c5-6617-4737-a959-8b0111ad7cf5,Saldo Awal,137311,Akumulasi Penyusutan Jalan dan Jembatan,-35174731709.0,2023,002,DEWAN PERWAKILAN RAKYAT
bcba91c5-6617-4737-a959-8b0111ad7cf5,Saldo Awal,137312,Akumulasi Penyusutan Irigasi,-1371872739.0,2023,002,DEWAN PERWAKILAN RAKYAT
bcba91c5-6617-4737-a959-8b0111ad7cf5,Saldo Awal,137313,Akumulasi Penyusutan Jaringan,-26919301900.0,2023,002,DEWAN PERWAKILAN RAKYAT
bcba91c5-6617-4737-a959-8b0111ad7cf5,Saldo Awal,138311,Properti Investasi,2875240976.0,2023,002,DEWAN PERWAKILAN RAKYAT
bcba91c5-6617-4737-a959-8b0111ad7cf5,Saldo Awal,138411,Akumulasi Penyusutan Properti Investasi,-585864133.0,2023,002,DEWAN PERWAKILAN RAKYAT
bcba91c5-6617-4737-a959-8b0111ad7cf5,Saldo Awal,162151,Software,43469588953.0,2023,002,DEWAN PERWAKILAN RAKYAT
bcba91c5-6617-4737-a959-8b0111ad7cf5,Saldo Awal,162161,Lisensi,29658439688.0,2023,002,DEWAN PERWAKILAN RAKYAT
bcba91c5-6617-4737-a959-8b0111ad7cf5,Saldo Awal,162171,Hasil Kajian/Penelitian,9634139000.0,2023,002,DEWAN PERWAKILAN RAKYAT
bcba91c5-6617-4737-a959-8b0111ad7cf5,Saldo Awal,162191,Aset Tak Berwujud Lainnya,5063956667.0,2023,002,DEWAN PERWAKILAN RAKYAT
bcba91c5-6617-4737-a959-8b0111ad7cf5,Saldo Awal,166112,Aset Tetap yang tidak digunakan dalam operasi pemerintahan,16398012611.0,2023,002,DEWAN PERWAKILAN RAKYAT
bcba91c5-6617-4737-a959-8b0111ad7cf5,Saldo Awal,166113,Aset Tak Berwujud yang tidak digunakan dalam Operasional,12747874902.0,2023,002,DEWAN PERWAKILAN RAKYAT
bcba91c5-6617-4737-a959-8b0111ad7cf5,Saldo Awal,169122,Akumulasi Penyusutan Aset Tetap yang Tidak Digunakan dalam,-9751887869.0,2023,002,DEWAN PERWAKILAN RAKYAT
bcba91c5-6617-4737-a959-8b0111ad7cf5,Saldo Awal,169315,Akumulasi Amortisasi Software,-24414381084.0,2023,002,DEWAN PERWAKILAN RAKYAT
bcba91c5-6617-4737-a959-8b0111ad7cf5,Saldo Awal,169316,Akumulasi Amortisasi Lisensi,-9039906295.0,2023,002,DEWAN PERWAKILAN RAKYAT
bcba91c5-6617-4737-a959-8b0111ad7cf5,Saldo Awal,169318,Akumulasi Amortisasi  Aset Tak Berwujud  yang tidak digunakan,-12105096739.0,2023,002,DEWAN PERWAKILAN RAKYAT
bcba91c5-6617-4737-a959-8b0111ad7cf5,Saldo Awal,117111,Barang Konsumsi,7471374679.0,2023,004,BADAN PEMERIKSA KEUANGAN
bcba91c5-6617-4737-a959-8b0111ad7cf5,Saldo Awal,117113,Bahan untuk Pemeliharaan,562841080.0,2023,004,BADAN PEMERIKSA KEUANGAN
bcba91c5-6617-4737-a959-8b0111ad7cf5,Saldo Awal,117114,Suku Cadang,50759873.0,2023,004,BADAN PEMERIKSA KEUANGAN
bcba91c5-6617-4737-a959-8b0111ad7cf5,Saldo Awal,117199,Persediaan Lainnya,3096347454.0,2023,004,BADAN PEMERIKSA KEUANGAN
bcba91c5-6617-4737-a959-8b0111ad7cf5,Saldo Awal,131111,Tanah,6124822220744.0,2023,004,BADAN PEMERIKSA KEUANGAN
bcba91c5-6617-4737-a959-8b0111ad7cf5,Saldo Awal,132111,Peralatan dan Mesin,2295971882697.0,2023,004,BADAN PEMERIKSA KEUANGAN
bcba91c5-6617-4737-a959-8b0111ad7cf5,Saldo Awal,133111,Gedung dan Bangunan,2620760438900.0,2023,004,BADAN PEMERIKSA KEUANGAN
bcba91c5-6617-4737-a959-8b0111ad7cf5,Saldo Awal,134111,Jalan dan Jembatan,28124808824.0,2023,004,BADAN PEMERIKSA KEUANGAN
bcba91c5-6617-4737-a959-8b0111ad7cf5,Saldo Awal,134112,Irigasi,36291707402.0,2023,004,BADAN PEMERIKSA KEUANGAN
bcba91c5-6617-4737-a959-8b0111ad7cf5,Saldo Awal,134113,Jaringan,332170383197.0,2023,004,BADAN PEMERIKSA KEUANGAN
bcba91c5-6617-4737-a959-8b0111ad7cf5,Saldo Awal,135111,Aset Tetap Renovasi,3709444517.0,2023,004,BADAN PEMERIKSA KEUANGAN
bcba91c5-6617-4737-a959-8b0111ad7cf5,Saldo Awal,135121,Aset Tetap Lainnya,17073004838.0,2023,004,BADAN PEMERIKSA KEUANGAN
bcba91c5-6617-4737-a959-8b0111ad7cf5,Saldo Awal,136111,Konstruksi Dalam pengerjaan,48800000.0,2023,004,BADAN PEMERIKSA KEUANGAN
bcba91c5-6617-4737-a959-8b0111ad7cf5,Saldo Awal,137111,Akumulasi Penyusutan Peralatan dan Mesin,-1999854682711.0,2023,004,BADAN PEMERIKSA KEUANGAN
bcba91c5-6617-4737-a959-8b0111ad7cf5,Saldo Awal,137211,Akumulasi Penyusutan Gedung dan Bangunan,-383423684970.0,2023,004,BADAN PEMERIKSA KEUANGAN
bcba91c5-6617-4737-a959-8b0111ad7cf5,Saldo Awal,137311,Akumulasi Penyusutan Jalan dan Jembatan,-24092097961.0,2023,004,BADAN PEMERIKSA KEUANGAN
bcba91c5-6617-4737-a959-8b0111ad7cf5,Saldo Awal,137312,Akumulasi Penyusutan Irigasi,-8041246201.0,2023,004,BADAN PEMERIKSA KEUANGAN
bcba91c5-6617-4737-a959-8b0111ad7cf5,Saldo Awal,137313,Akumulasi Penyusutan Jaringan,-228778898638.0,2023,004,BADAN PEMERIKSA KEUANGAN
bcba91c5-6617-4737-a959-8b0111ad7cf5,Saldo Awal,137411,Akumulasi Penyusutan Aset Tetap Lainnya,-1100934254.0,2023,004,BADAN PEMERIKSA KEUANGAN
bcba91c5-6617-4737-a959-8b0111ad7cf5,Saldo Awal,162151,Software,90446007604.0,2023,004,BADAN PEMERIKSA KEUANGAN
bcba91c5-6617-4737-a959-8b0111ad7cf5,Saldo Awal,162161,Lisensi,110229676461.0,2023,004,BADAN PEMERIKSA KEUANGAN
bcba91c5-6617-4737-a959-8b0111ad7cf5,Saldo Awal,162191,Aset Tak Berwujud Lainnya,4548641617.0,2023,004,BADAN PEMERIKSA KEUANGAN
bcba91c5-6617-4737-a959-8b0111ad7cf5,Saldo Awal,166112,Aset Tetap yang tidak digunakan dalam operasi pemerintahan,15932817960.0,2023,004,BADAN PEMERIKSA KEUANGAN
bcba91c5-6617-4737-a959-8b0111ad7cf5,Saldo Awal,166113,Aset Tak Berwujud yang tidak digunakan dalam Operasional,33100000.0,2023,004,BADAN PEMERIKSA KEUANGAN
bcba91c5-6617-4737-a959-8b0111ad7cf5,Saldo Awal,169122,Akumulasi Penyusutan Aset Tetap yang Tidak Digunakan dalam,-15015186138.0,2023,004,BADAN PEMERIKSA KEUANGAN
bcba91c5-6617-4737-a959-8b0111ad7cf5,Saldo Awal,169315,Akumulasi Amortisasi Software,-86189783570.0,2023,004,BADAN PEMERIKSA KEUANGAN
bcba91c5-6617-4737-a959-8b0111ad7cf5,Saldo Awal,169316,Akumulasi Amortisasi Lisensi,-68725693872.0,2023,004,BADAN PEMERIKSA KEUANGAN
bcba91c5-6617-4737-a959-8b0111ad7cf5,Saldo Awal,169318,Akumulasi Amortisasi  Aset Tak Berwujud  yang tidak digunakan,-31653685.0,2023,004,BADAN PEMERIKSA KEUANGAN
bcba91c5-6617-4737-a959-8b0111ad7cf5,Saldo Awal,117111,Barang Konsumsi,18602549741.0,2023,005,MAHKAMAH AGUNG
bcba91c5-6617-4737-a959-8b0111ad7cf5,Saldo Awal,117113,Bahan untuk Pemeliharaan,1062329844.0,2023,005,MAHKAMAH AGUNG
bcba91c5-6617-4737-a959-8b0111ad7cf5,Saldo Awal,117131,Bahan Baku,143000.0,2023,005,MAHKAMAH AGUNG
bcba91c5-6617-4737-a959-8b0111ad7cf5,Saldo Awal,131111,Tanah,19986074179582.0,2023,005,MAHKAMAH AGUNG
bcba91c5-6617-4737-a959-8b0111ad7cf5,Saldo Awal,132111,Peralatan dan Mesin,4462524660536.0,2023,005,MAHKAMAH AGUNG
bcba91c5-6617-4737-a959-8b0111ad7cf5,Saldo Awal,133111,Gedung dan Bangunan,10461107316949.0,2023,005,MAHKAMAH AGUNG
bcba91c5-6617-4737-a959-8b0111ad7cf5,Saldo Awal,134111,Jalan dan Jembatan,40210658512.0,2023,005,MAHKAMAH AGUNG
bcba91c5-6617-4737-a959-8b0111ad7cf5,Saldo Awal,134112,Irigasi,23980707438.0,2023,005,MAHKAMAH AGUNG
bcba91c5-6617-4737-a959-8b0111ad7cf5,Saldo Awal,134113,Jaringan,198121492187.0,2023,005,MAHKAMAH AGUNG
bcba91c5-6617-4737-a959-8b0111ad7cf5,Saldo Awal,135111,Aset Tetap Renovasi,3151159400.0,2023,005,MAHKAMAH AGUNG
bcba91c5-6617-4737-a959-8b0111ad7cf5,Saldo Awal,135121,Aset Tetap Lainnya,48939236176.0,2023,005,MAHKAMAH AGUNG
bcba91c5-6617-4737-a959-8b0111ad7cf5,Saldo Awal,136111,Konstruksi Dalam pengerjaan,656303651907.0,2023,005,MAHKAMAH AGUNG
bcba91c5-6617-4737-a959-8b0111ad7cf5,Saldo Awal,137111,Akumulasi Penyusutan Peralatan dan Mesin,-3377493230256.0,2023,005,MAHKAMAH AGUNG
bcba91c5-6617-4737-a959-8b0111ad7cf5,Saldo Awal,137211,Akumulasi Penyusutan Gedung dan Bangunan,-1905558878012.0,2023,005,MAHKAMAH AGUNG
bcba91c5-6617-4737-a959-8b0111ad7cf5,Saldo Awal,137311,Akumulasi Penyusutan Jalan dan Jembatan,-18541649153.0,2023,005,MAHKAMAH AGUNG
bcba91c5-6617-4737-a959-8b0111ad7cf5,Saldo Awal,137312,Akumulasi Penyusutan Irigasi,-5921289184.0,2023,005,MAHKAMAH AGUNG
bcba91c5-6617-4737-a959-8b0111ad7cf5,Saldo Awal,137313,Akumulasi Penyusutan Jaringan,-90055933353.0,2023,005,MAHKAMAH AGUNG
bcba91c5-6617-4737-a959-8b0111ad7cf5,Saldo Awal,137411,Akumulasi Penyusutan Aset Tetap Lainnya,-568846313.0,2023,005,MAHKAMAH AGUNG
bcba91c5-6617-4737-a959-8b0111ad7cf5,Saldo Awal,162151,Software,45585850298.0,2023,005,MAHKAMAH AGUNG
bcba91c5-6617-4737-a959-8b0111ad7cf5,Saldo Awal,162161,Lisensi,19315129016.0,2023,005,MAHKAMAH AGUNG
bcba91c5-6617-4737-a959-8b0111ad7cf5,Saldo Awal,162171,Hasil Kajian/Penelitian,1804868600.0,2023,005,MAHKAMAH AGUNG
bcba91c5-6617-4737-a959-8b0111ad7cf5,Saldo Awal,166112,Aset Tetap yang tidak digunakan dalam operasi pemerintahan,145364364071.0,2023,005,MAHKAMAH AGUNG
bcba91c5-6617-4737-a959-8b0111ad7cf5,Saldo Awal,166113,Aset Tak Berwujud yang tidak digunakan dalam Operasional,1753914160.0,2023,005,MAHKAMAH AGUNG
bcba91c5-6617-4737-a959-8b0111ad7cf5,Saldo Awal,169122,Akumulasi Penyusutan Aset Tetap yang Tidak Digunakan dalam,-132294325766.0,2023,005,MAHKAMAH AGUNG
bcba91c5-6617-4737-a959-8b0111ad7cf5,Saldo Awal,169315,Akumulasi Amortisasi Software,-42092126197.0,2023,005,MAHKAMAH AGUNG
bcba91c5-6617-4737-a959-8b0111ad7cf5,Saldo Awal,169316,Akumulasi Amortisasi Lisensi,-4100144252.0,2023,005,MAHKAMAH AGUNG
bcba91c5-6617-4737-a959-8b0111ad7cf5,Saldo Awal,169318,Akumulasi Amortisasi  Aset Tak Berwujud  yang tidak digunakan,-1751664160.0,2023,005,MAHKAMAH AGUNG
bcba91c5-6617-4737-a959-8b0111ad7cf5,Saldo Awal,117111,Barang Konsumsi,20657757419.0,2023,006,KEJAKSAAN REPUBLIK INDONESIA
bcba91c5-6617-4737-a959-8b0111ad7cf5,Saldo Awal,117113,Bahan untuk Pemeliharaan,155052040.0,2023,006,KEJAKSAAN REPUBLIK INDONESIA
bcba91c5-6617-4737-a959-8b0111ad7cf5,Saldo Awal,117114,Suku Cadang,49693150.0,2023,006,KEJAKSAAN REPUBLIK INDONESIA
bcba91c5-6617-4737-a959-8b0111ad7cf5,Saldo Awal,117122,Tanah Bangunan untuk dijual atau diserahkan kepada Masyarakat,2477667814837.0,2023,006,KEJAKSAAN REPUBLIK INDONESIA
bcba91c5-6617-4737-a959-8b0111ad7cf5,Saldo Awal,117123,Hewan dan Tanaman untuk dijual atau diserahkan kepada,17126147620.0,2023,006,KEJAKSAAN REPUBLIK INDONESIA
bcba91c5-6617-4737-a959-8b0111ad7cf5,Saldo Awal,117124,Peralatan dan Mesin untuk dijual atau diserahkan kepada,59679317641.0,2023,006,KEJAKSAAN REPUBLIK INDONESIA
bcba91c5-6617-4737-a959-8b0111ad7cf5,Saldo Awal,117126,Aset Tetap Lainnya untuk diserahkan kepada Masyarakat,9563355259.0,2023,006,KEJAKSAAN REPUBLIK INDONESIA
bcba91c5-6617-4737-a959-8b0111ad7cf5,Saldo Awal,117127,Aset Lain-Lain untuk diserahkan kepada Masyarakat,7997294907962.0,2023,006,KEJAKSAAN REPUBLIK INDONESIA
bcba91c5-6617-4737-a959-8b0111ad7cf5,Saldo Awal,117128,Barang Persediaan Lainnya untuk Dijual/Diserahkan ke Masyarakat,45675966346.0,2023,006,KEJAKSAAN REPUBLIK INDONESIA
bcba91c5-6617-4737-a959-8b0111ad7cf5,Saldo Awal,117131,Bahan Baku,7242437.0,2023,006,KEJAKSAAN REPUBLIK INDONESIA
bcba91c5-6617-4737-a959-8b0111ad7cf5,Saldo Awal,131111,Tanah,17658483153669.0,2023,006,KEJAKSAAN REPUBLIK INDONESIA
bcba91c5-6617-4737-a959-8b0111ad7cf5,Saldo Awal,132111,Peralatan dan Mesin,8797750491708.0,2023,006,KEJAKSAAN REPUBLIK INDONESIA
bcba91c5-6617-4737-a959-8b0111ad7cf5,Saldo Awal,133111,Gedung dan Bangunan,7663433804968.0,2023,006,KEJAKSAAN REPUBLIK INDONESIA
bcba91c5-6617-4737-a959-8b0111ad7cf5,Saldo Awal,134111,Jalan dan Jembatan,25266996707.0,2023,006,KEJAKSAAN REPUBLIK INDONESIA
bcba91c5-6617-4737-a959-8b0111ad7cf5,Saldo Awal,134112,Irigasi,9536836139.0,2023,006,KEJAKSAAN REPUBLIK INDONESIA
bcba91c5-6617-4737-a959-8b0111ad7cf5,Saldo Awal,134113,Jaringan,41332517521.0,2023,006,KEJAKSAAN REPUBLIK INDONESIA
bcba91c5-6617-4737-a959-8b0111ad7cf5,Saldo Awal,135121,Aset Tetap Lainnya,13135626006.0,2023,006,KEJAKSAAN REPUBLIK INDONESIA
bcba91c5-6617-4737-a959-8b0111ad7cf5,Saldo Awal,136111,Konstruksi Dalam pengerjaan,10707483000.0,2023,006,KEJAKSAAN REPUBLIK INDONESIA
bcba91c5-6617-4737-a959-8b0111ad7cf5,Saldo Awal,137111,Akumulasi Penyusutan Peralatan dan Mesin,-4724609565082.0,2023,006,KEJAKSAAN REPUBLIK INDONESIA
bcba91c5-6617-4737-a959-8b0111ad7cf5,Saldo Awal,137211,Akumulasi Penyusutan Gedung dan Bangunan,-1059769721323.0,2023,006,KEJAKSAAN REPUBLIK INDONESIA
bcba91c5-6617-4737-a959-8b0111ad7cf5,Saldo Awal,137311,Akumulasi Penyusutan Jalan dan Jembatan,-15311375433.0,2023,006,KEJAKSAAN REPUBLIK INDONESIA
bcba91c5-6617-4737-a959-8b0111ad7cf5,Saldo Awal,137312,Akumulasi Penyusutan Irigasi,-3632127951.0,2023,006,KEJAKSAAN REPUBLIK INDONESIA
bcba91c5-6617-4737-a959-8b0111ad7cf5,Saldo Awal,137313,Akumulasi Penyusutan Jaringan,-9966267933.0,2023,006,KEJAKSAAN REPUBLIK INDONESIA
bcba91c5-6617-4737-a959-8b0111ad7cf5,Saldo Awal,137411,Akumulasi Penyusutan Aset Tetap Lainnya,-465490271.0,2023,006,KEJAKSAAN REPUBLIK INDONESIA
bcba91c5-6617-4737-a959-8b0111ad7cf5,Saldo Awal,162151,Software,3171104146542.0,2023,006,KEJAKSAAN REPUBLIK INDONESIA
bcba91c5-6617-4737-a959-8b0111ad7cf5,Saldo Awal,166112,Aset Tetap yang tidak digunakan dalam operasi pemerintahan,91715305998.0,2023,006,KEJAKSAAN REPUBLIK INDONESIA
bcba91c5-6617-4737-a959-8b0111ad7cf5,Saldo Awal,169122,Akumulasi Penyusutan Aset Tetap yang Tidak Digunakan dalam,-83434613358.0,2023,006,KEJAKSAAN REPUBLIK INDONESIA
bcba91c5-6617-4737-a959-8b0111ad7cf5,Saldo Awal,169315,Akumulasi Amortisasi Software,-845182259128.0,2023,006,KEJAKSAAN REPUBLIK INDONESIA
bcba91c5-6617-4737-a959-8b0111ad7cf5,Saldo Awal,117111,Barang Konsumsi,18728578512.0,2023,007,KEMENTERIAN SEKRETARIAT NEGARA
bcba91c5-6617-4737-a959-8b0111ad7cf5,Saldo Awal,117113,Bahan untuk Pemeliharaan,16335176542.0,2023,007,KEMENTERIAN SEKRETARIAT NEGARA
bcba91c5-6617-4737-a959-8b0111ad7cf5,Saldo Awal,117114,Suku Cadang,709289834263.0,2023,007,KEMENTERIAN SEKRETARIAT NEGARA
bcba91c5-6617-4737-a959-8b0111ad7cf5,Saldo Awal,117122,Tanah Bangunan untuk dijual atau diserahkan kepada Masyarakat,301731447500.0,2023,007,KEMENTERIAN SEKRETARIAT NEGARA
bcba91c5-6617-4737-a959-8b0111ad7cf5,Saldo Awal,117128,Barang Persediaan Lainnya untuk Dijual/Diserahkan ke Masyarakat,25564279603.0,2023,007,KEMENTERIAN SEKRETARIAT NEGARA
bcba91c5-6617-4737-a959-8b0111ad7cf5,Saldo Awal,117131,Bahan Baku,449966690.0,2023,007,KEMENTERIAN SEKRETARIAT NEGARA
bcba91c5-6617-4737-a959-8b0111ad7cf5,Saldo Awal,117191,Persediaan untuk Tujuan Strategis/Berjaga-jaga,36255035.0,2023,007,KEMENTERIAN SEKRETARIAT NEGARA
bcba91c5-6617-4737-a959-8b0111ad7cf5,Saldo Awal,117199,Persediaan Lainnya,2552521431.0,2023,007,KEMENTERIAN SEKRETARIAT NEGARA
bcba91c5-6617-4737-a959-8b0111ad7cf5,Saldo Awal,131111,Tanah,585216320466093.0,2023,007,KEMENTERIAN SEKRETARIAT NEGARA
bcba91c5-6617-4737-a959-8b0111ad7cf5,Saldo Awal,132111,Peralatan dan Mesin,4312341973278.0,2023,007,KEMENTERIAN SEKRETARIAT NEGARA
bcba91c5-6617-4737-a959-8b0111ad7cf5,Saldo Awal,133111,Gedung dan Bangunan,6529159343839.0,2023,007,KEMENTERIAN SEKRETARIAT NEGARA
bcba91c5-6617-4737-a959-8b0111ad7cf5,Saldo Awal,134111,Jalan dan Jembatan,382739717409.0,2023,007,KEMENTERIAN SEKRETARIAT NEGARA
bcba91c5-6617-4737-a959-8b0111ad7cf5,Saldo Awal,134112,Irigasi,332033182080.0,2023,007,KEMENTERIAN SEKRETARIAT NEGARA
bcba91c5-6617-4737-a959-8b0111ad7cf5,Saldo Awal,134113,Jaringan,182868115516.0,2023,007,KEMENTERIAN SEKRETARIAT NEGARA
bcba91c5-6617-4737-a959-8b0111ad7cf5,Saldo Awal,135111,Aset Tetap Renovasi,7557260388.0,2023,007,KEMENTERIAN SEKRETARIAT NEGARA
bcba91c5-6617-4737-a959-8b0111ad7cf5,Saldo Awal,135121,Aset Tetap Lainnya,3207394265788.0,2023,007,KEMENTERIAN SEKRETARIAT NEGARA
bcba91c5-6617-4737-a959-8b0111ad7cf5,Saldo Awal,136111,Konstruksi Dalam pengerjaan,6422903773.0,2023,007,KEMENTERIAN SEKRETARIAT NEGARA
bcba91c5-6617-4737-a959-8b0111ad7cf5,Saldo Awal,137111,Akumulasi Penyusutan Peralatan dan Mesin,-3211666482874.0,2023,007,KEMENTERIAN SEKRETARIAT NEGARA
bcba91c5-6617-4737-a959-8b0111ad7cf5,Saldo Awal,137211,Akumulasi Penyusutan Gedung dan Bangunan,-1223856740804.0,2023,007,KEMENTERIAN SEKRETARIAT NEGARA
bcba91c5-6617-4737-a959-8b0111ad7cf5,Saldo Awal,137311,Akumulasi Penyusutan Jalan dan Jembatan,-294762121672.0,2023,007,KEMENTERIAN SEKRETARIAT NEGARA
bcba91c5-6617-4737-a959-8b0111ad7cf5,Saldo Awal,137312,Akumulasi Penyusutan Irigasi,-67408620203.0,2023,007,KEMENTERIAN SEKRETARIAT NEGARA
bcba91c5-6617-4737-a959-8b0111ad7cf5,Saldo Awal,137313,Akumulasi Penyusutan Jaringan,-69750849399.0,2023,007,KEMENTERIAN SEKRETARIAT NEGARA
bcba91c5-6617-4737-a959-8b0111ad7cf5,Saldo Awal,137411,Akumulasi Penyusutan Aset Tetap Lainnya,-4521270660.0,2023,007,KEMENTERIAN SEKRETARIAT NEGARA
bcba91c5-6617-4737-a959-8b0111ad7cf5,Saldo Awal,138311,Properti Investasi,627629693908.0,2023,007,KEMENTERIAN SEKRETARIAT NEGARA
bcba91c5-6617-4737-a959-8b0111ad7cf5,Saldo Awal,138411,Akumulasi Penyusutan Properti Investasi,-90355363595.0,2023,007,KEMENTERIAN SEKRETARIAT NEGARA
bcba91c5-6617-4737-a959-8b0111ad7cf5,Saldo Awal,161111,Kemitraan Dengan Pihak Ketiga,33421880206000.0,2023,007,KEMENTERIAN SEKRETARIAT NEGARA
bcba91c5-6617-4737-a959-8b0111ad7cf5,Saldo Awal,162151,Software,63220230036.0,2023,007,KEMENTERIAN SEKRETARIAT NEGARA
bcba91c5-6617-4737-a959-8b0111ad7cf5,Saldo Awal,162161,Lisensi,3449133359.0,2023,007,KEMENTERIAN SEKRETARIAT NEGARA
bcba91c5-6617-4737-a959-8b0111ad7cf5,Saldo Awal,162171,Hasil Kajian/Penelitian,525000000.0,2023,007,KEMENTERIAN SEKRETARIAT NEGARA
bcba91c5-6617-4737-a959-8b0111ad7cf5,Saldo Awal,162191,Aset Tak Berwujud Lainnya,2104954000.0,2023,007,KEMENTERIAN SEKRETARIAT NEGARA
bcba91c5-6617-4737-a959-8b0111ad7cf5,Saldo Awal,166112,Aset Tetap yang tidak digunakan dalam operasi pemerintahan,212063192921.0,2023,007,KEMENTERIAN SEKRETARIAT NEGARA
bcba91c5-6617-4737-a959-8b0111ad7cf5,Saldo Awal,166113,Aset Tak Berwujud yang tidak digunakan dalam Operasional,437745011.0,2023,007,KEMENTERIAN SEKRETARIAT NEGARA
bcba91c5-6617-4737-a959-8b0111ad7cf5,Saldo Awal,169111,Akumulasi Penyusutan Kemitraan dengan Pihak ketiga,-265472723808.0,2023,007,KEMENTERIAN SEKRETARIAT NEGARA
bcba91c5-6617-4737-a959-8b0111ad7cf5,Saldo Awal,169122,Akumulasi Penyusutan Aset Tetap yang Tidak Digunakan dalam,-113911629658.0,2023,007,KEMENTERIAN SEKRETARIAT NEGARA
bcba91c5-6617-4737-a959-8b0111ad7cf5,Saldo Awal,169315,Akumulasi Amortisasi Software,-53926974641.0,2023,007,KEMENTERIAN SEKRETARIAT NEGARA
bcba91c5-6617-4737-a959-8b0111ad7cf5,Saldo Awal,169316,Akumulasi Amortisasi Lisensi,-2124119532.0,2023,007,KEMENTERIAN SEKRETARIAT NEGARA
bcba91c5-6617-4737-a959-8b0111ad7cf5,Saldo Awal,169317,Akumulasi Amortisasi Aset Tak Berwujud Lainnya,-29700000.0,2023,007,KEMENTERIAN SEKRETARIAT NEGARA
bcba91c5-6617-4737-a959-8b0111ad7cf5,Saldo Awal,169318,Akumulasi Amortisasi  Aset Tak Berwujud  yang tidak digunakan,-437745011.0,2023,007,KEMENTERIAN SEKRETARIAT NEGARA
bcba91c5-6617-4737-a959-8b0111ad7cf5,Saldo Awal,117111,Barang Konsumsi,4565341209.0,2023,010,KEMENTERIAN DALAM  NEGERI
bcba91c5-6617-4737-a959-8b0111ad7cf5,Saldo Awal,117113,Bahan untuk Pemeliharaan,450959385.0,2023,010,KEMENTERIAN DALAM  NEGERI
bcba91c5-6617-4737-a959-8b0111ad7cf5,Saldo Awal,117114,Suku Cadang,88933749.0,2023,010,KEMENTERIAN DALAM  NEGERI
bcba91c5-6617-4737-a959-8b0111ad7cf5,Saldo Awal,117122,Tanah Bangunan untuk dijual atau diserahkan kepada Masyarakat,24144320110.0,2023,010,KEMENTERIAN DALAM  NEGERI
bcba91c5-6617-4737-a959-8b0111ad7cf5,Saldo Awal,117124,Peralatan dan Mesin untuk dijual atau diserahkan kepada,9609318759.0,2023,010,KEMENTERIAN DALAM  NEGERI
bcba91c5-6617-4737-a959-8b0111ad7cf5,Saldo Awal,117125,"Jalan, Irigasi dan Jaringan untuk diserahkan kepada Masyarakat",5095980150.0,2023,010,KEMENTERIAN DALAM  NEGERI
bcba91c5-6617-4737-a959-8b0111ad7cf5,Saldo Awal,117126,Aset Tetap Lainnya untuk diserahkan kepada Masyarakat,446822000.0,2023,010,KEMENTERIAN DALAM  NEGERI
bcba91c5-6617-4737-a959-8b0111ad7cf5,Saldo Awal,117127,Aset Lain-Lain untuk diserahkan kepada Masyarakat,181397049965.0,2023,010,KEMENTERIAN DALAM  NEGERI
bcba91c5-6617-4737-a959-8b0111ad7cf5,Saldo Awal,117128,Barang Persediaan Lainnya untuk Dijual/Diserahkan ke Masyarakat,1083142625.0,2023,010,KEMENTERIAN DALAM  NEGERI
bcba91c5-6617-4737-a959-8b0111ad7cf5,Saldo Awal,117129,Persediaan Lainnya Untuk Diserahkan Kepada Masyarakat – Dalam,67670350.0,2023,010,KEMENTERIAN DALAM  NEGERI
bcba91c5-6617-4737-a959-8b0111ad7cf5,Saldo Awal,117191,Persediaan untuk Tujuan Strategis/Berjaga-jaga,15418250.0,2023,010,KEMENTERIAN DALAM  NEGERI
bcba91c5-6617-4737-a959-8b0111ad7cf5,Saldo Awal,117199,Persediaan Lainnya,1189584274.0,2023,010,KEMENTERIAN DALAM  NEGERI
bcba91c5-6617-4737-a959-8b0111ad7cf5,Saldo Awal,131111,Tanah,12474680756512.0,2023,010,KEMENTERIAN DALAM  NEGERI
bcba91c5-6617-4737-a959-8b0111ad7cf5,Saldo Awal,132111,Peralatan dan Mesin,3508767385762.0,2023,010,KEMENTERIAN DALAM  NEGERI
bcba91c5-6617-4737-a959-8b0111ad7cf5,Saldo Awal,133111,Gedung dan Bangunan,2867573800289.0,2023,010,KEMENTERIAN DALAM  NEGERI
bcba91c5-6617-4737-a959-8b0111ad7cf5,Saldo Awal,134111,Jalan dan Jembatan,76659617496.0,2023,010,KEMENTERIAN DALAM  NEGERI
bcba91c5-6617-4737-a959-8b0111ad7cf5,Saldo Awal,134112,Irigasi,46675529795.0,2023,010,KEMENTERIAN DALAM  NEGERI
bcba91c5-6617-4737-a959-8b0111ad7cf5,Saldo Awal,134113,Jaringan,165463278624.0,2023,010,KEMENTERIAN DALAM  NEGERI
bcba91c5-6617-4737-a959-8b0111ad7cf5,Saldo Awal,135111,Aset Tetap Renovasi,90390901165.0,2023,010,KEMENTERIAN DALAM  NEGERI
bcba91c5-6617-4737-a959-8b0111ad7cf5,Saldo Awal,135121,Aset Tetap Lainnya,52123409675.0,2023,010,KEMENTERIAN DALAM  NEGERI
bcba91c5-6617-4737-a959-8b0111ad7cf5,Saldo Awal,136111,Konstruksi Dalam pengerjaan,41946345532.0,2023,010,KEMENTERIAN DALAM  NEGERI
bcba91c5-6617-4737-a959-8b0111ad7cf5,Saldo Awal,137111,Akumulasi Penyusutan Peralatan dan Mesin,-3124102309295.0,2023,010,KEMENTERIAN DALAM  NEGERI
bcba91c5-6617-4737-a959-8b0111ad7cf5,Saldo Awal,137211,Akumulasi Penyusutan Gedung dan Bangunan,-407891710638.0,2023,010,KEMENTERIAN DALAM  NEGERI
bcba91c5-6617-4737-a959-8b0111ad7cf5,Saldo Awal,137311,Akumulasi Penyusutan Jalan dan Jembatan,-43897315948.0,2023,010,KEMENTERIAN DALAM  NEGERI
bcba91c5-6617-4737-a959-8b0111ad7cf5,Saldo Awal,137312,Akumulasi Penyusutan Irigasi,-23667141544.0,2023,010,KEMENTERIAN DALAM  NEGERI
bcba91c5-6617-4737-a959-8b0111ad7cf5,Saldo Awal,137313,Akumulasi Penyusutan Jaringan,-62363683888.0,2023,010,KEMENTERIAN DALAM  NEGERI
bcba91c5-6617-4737-a959-8b0111ad7cf5,Saldo Awal,137411,Akumulasi Penyusutan Aset Tetap Lainnya,-94631924129.0,2023,010,KEMENTERIAN DALAM  NEGERI
bcba91c5-6617-4737-a959-8b0111ad7cf5,Saldo Awal,162151,Software,690127558860.0,2023,010,KEMENTERIAN DALAM  NEGERI
bcba91c5-6617-4737-a959-8b0111ad7cf5,Saldo Awal,162161,Lisensi,9536975880.0,2023,010,KEMENTERIAN DALAM  NEGERI
bcba91c5-6617-4737-a959-8b0111ad7cf5,Saldo Awal,162171,Hasil Kajian/Penelitian,4895388050.0,2023,010,KEMENTERIAN DALAM  NEGERI
bcba91c5-6617-4737-a959-8b0111ad7cf5,Saldo Awal,162191,Aset Tak Berwujud Lainnya,5753869600.0,2023,010,KEMENTERIAN DALAM  NEGERI
bcba91c5-6617-4737-a959-8b0111ad7cf5,Saldo Awal,166112,Aset Tetap yang tidak digunakan dalam operasi pemerintahan,75356877250.0,2023,010,KEMENTERIAN DALAM  NEGERI
bcba91c5-6617-4737-a959-8b0111ad7cf5,Saldo Awal,166113,Aset Tak Berwujud yang tidak digunakan dalam Operasional,120279685229.0,2023,010,KEMENTERIAN DALAM  NEGERI
bcba91c5-6617-4737-a959-8b0111ad7cf5,Saldo Awal,169122,Akumulasi Penyusutan Aset Tetap yang Tidak Digunakan dalam,-70663401267.0,2023,010,KEMENTERIAN DALAM  NEGERI
bcba91c5-6617-4737-a959-8b0111ad7cf5,Saldo Awal,169315,Akumulasi Amortisasi Software,-656254387971.0,2023,010,KEMENTERIAN DALAM  NEGERI
bcba91c5-6617-4737-a959-8b0111ad7cf5,Saldo Awal,169316,Akumulasi Amortisasi Lisensi,-1297716117.0,2023,010,KEMENTERIAN DALAM  NEGERI
bcba91c5-6617-4737-a959-8b0111ad7cf5,Saldo Awal,169318,Akumulasi Amortisasi  Aset Tak Berwujud  yang tidak digunakan,-113441816554.0,2023,010,KEMENTERIAN DALAM  NEGERI
bcba91c5-6617-4737-a959-8b0111ad7cf5,Saldo Awal,117111,Barang Konsumsi,72600168876.0,2023,011,KEMENTERIAN LUAR NEGERI
bcba91c5-6617-4737-a959-8b0111ad7cf5,Saldo Awal,117113,Bahan untuk Pemeliharaan,3369504178.0,2023,011,KEMENTERIAN LUAR NEGERI
bcba91c5-6617-4737-a959-8b0111ad7cf5,Saldo Awal,117199,Persediaan Lainnya,881133181.0,2023,011,KEMENTERIAN LUAR NEGERI
bcba91c5-6617-4737-a959-8b0111ad7cf5,Saldo Awal,131111,Tanah,40237767368935.0,2023,011,KEMENTERIAN LUAR NEGERI
bcba91c5-6617-4737-a959-8b0111ad7cf5,Saldo Awal,132111,Peralatan dan Mesin,2738471600977.0,2023,011,KEMENTERIAN LUAR NEGERI
bcba91c5-6617-4737-a959-8b0111ad7cf5,Saldo Awal,133111,Gedung dan Bangunan,9490514607793.0,2023,011,KEMENTERIAN LUAR NEGERI
bcba91c5-6617-4737-a959-8b0111ad7cf5,Saldo Awal,134111,Jalan dan Jembatan,19751557660.0,2023,011,KEMENTERIAN LUAR NEGERI
bcba91c5-6617-4737-a959-8b0111ad7cf5,Saldo Awal,134112,Irigasi,371232000.0,2023,011,KEMENTERIAN LUAR NEGERI
bcba91c5-6617-4737-a959-8b0111ad7cf5,Saldo Awal,134113,Jaringan,6639009999.0,2023,011,KEMENTERIAN LUAR NEGERI
bcba91c5-6617-4737-a959-8b0111ad7cf5,Saldo Awal,135111,Aset Tetap Renovasi,8333676043.0,2023,011,KEMENTERIAN LUAR NEGERI
bcba91c5-6617-4737-a959-8b0111ad7cf5,Saldo Awal,135121,Aset Tetap Lainnya,44639913457.0,2023,011,KEMENTERIAN LUAR NEGERI
bcba91c5-6617-4737-a959-8b0111ad7cf5,Saldo Awal,136111,Konstruksi Dalam pengerjaan,512613925071.0,2023,011,KEMENTERIAN LUAR NEGERI
bcba91c5-6617-4737-a959-8b0111ad7cf5,Saldo Awal,137111,Akumulasi Penyusutan Peralatan dan Mesin,-2191024737907.0,2023,011,KEMENTERIAN LUAR NEGERI
bcba91c5-6617-4737-a959-8b0111ad7cf5,Saldo Awal,137211,Akumulasi Penyusutan Gedung dan Bangunan,-2321359613454.0,2023,011,KEMENTERIAN LUAR NEGERI
bcba91c5-6617-4737-a959-8b0111ad7cf5,Saldo Awal,137311,Akumulasi Penyusutan Jalan dan Jembatan,-17427689583.0,2023,011,KEMENTERIAN LUAR NEGERI
bcba91c5-6617-4737-a959-8b0111ad7cf5,Saldo Awal,137312,Akumulasi Penyusutan Irigasi,-197933112.0,2023,011,KEMENTERIAN LUAR NEGERI
bcba91c5-6617-4737-a959-8b0111ad7cf5,Saldo Awal,137313,Akumulasi Penyusutan Jaringan,-2316603405.0,2023,011,KEMENTERIAN LUAR NEGERI
bcba91c5-6617-4737-a959-8b0111ad7cf5,Saldo Awal,137411,Akumulasi Penyusutan Aset Tetap Lainnya,-8390578766.0,2023,011,KEMENTERIAN LUAR NEGERI
bcba91c5-6617-4737-a959-8b0111ad7cf5,Saldo Awal,161111,Kemitraan Dengan Pihak Ketiga,191360231428.0,2023,011,KEMENTERIAN LUAR NEGERI
bcba91c5-6617-4737-a959-8b0111ad7cf5,Saldo Awal,162151,Software,42429757721.0,2023,011,KEMENTERIAN LUAR NEGERI
bcba91c5-6617-4737-a959-8b0111ad7cf5,Saldo Awal,162161,Lisensi,23173684749.0,2023,011,KEMENTERIAN LUAR NEGERI
bcba91c5-6617-4737-a959-8b0111ad7cf5,Saldo Awal,162191,Aset Tak Berwujud Lainnya,38850000.0,2023,011,KEMENTERIAN LUAR NEGERI
bcba91c5-6617-4737-a959-8b0111ad7cf5,Saldo Awal,166112,Aset Tetap yang tidak digunakan dalam operasi pemerintahan,350462474191.0,2023,011,KEMENTERIAN LUAR NEGERI
bcba91c5-6617-4737-a959-8b0111ad7cf5,Saldo Awal,166113,Aset Tak Berwujud yang tidak digunakan dalam Operasional,16554496965.0,2023,011,KEMENTERIAN LUAR NEGERI
bcba91c5-6617-4737-a959-8b0111ad7cf5,Saldo Awal,169122,Akumulasi Penyusutan Aset Tetap yang Tidak Digunakan dalam,-98186280737.0,2023,011,KEMENTERIAN LUAR NEGERI
bcba91c5-6617-4737-a959-8b0111ad7cf5,Saldo Awal,169315,Akumulasi Amortisasi Software,-37848829458.0,2023,011,KEMENTERIAN LUAR NEGERI
bcba91c5-6617-4737-a959-8b0111ad7cf5,Saldo Awal,169316,Akumulasi Amortisasi Lisensi,-12745409017.0,2023,011,KEMENTERIAN LUAR NEGERI
bcba91c5-6617-4737-a959-8b0111ad7cf5,Saldo Awal,169318,Akumulasi Amortisasi  Aset Tak Berwujud  yang tidak digunakan,-16036914965.0,2023,011,KEMENTERIAN LUAR NEGERI
bcba91c5-6617-4737-a959-8b0111ad7cf5,Saldo Awal,117111,Barang Konsumsi,9483062893417.0,2023,012,KEMENTERIAN PERTAHANAN
bcba91c5-6617-4737-a959-8b0111ad7cf5,Saldo Awal,117112,Amunisi,24925818242561.0,2023,012,KEMENTERIAN PERTAHANAN
bcba91c5-6617-4737-a959-8b0111ad7cf5,Saldo Awal,117113,Bahan untuk Pemeliharaan,48342836688.0,2023,012,KEMENTERIAN PERTAHANAN
bcba91c5-6617-4737-a959-8b0111ad7cf5,Saldo Awal,117114,Suku Cadang,33875522963274.0,2023,012,KEMENTERIAN PERTAHANAN
bcba91c5-6617-4737-a959-8b0111ad7cf5,Saldo Awal,117131,Bahan Baku,222542053764.0,2023,012,KEMENTERIAN PERTAHANAN
bcba91c5-6617-4737-a959-8b0111ad7cf5,Saldo Awal,117191,Persediaan untuk Tujuan Strategis/Berjaga-jaga,5345000.0,2023,012,KEMENTERIAN PERTAHANAN
bcba91c5-6617-4737-a959-8b0111ad7cf5,Saldo Awal,117199,Persediaan Lainnya,915011069680.0,2023,012,KEMENTERIAN PERTAHANAN
bcba91c5-6617-4737-a959-8b0111ad7cf5,Saldo Awal,131111,Tanah,1452731574460474.0,2023,012,KEMENTERIAN PERTAHANAN
bcba91c5-6617-4737-a959-8b0111ad7cf5,Saldo Awal,132111,Peralatan dan Mesin,337619431611449.0,2023,012,KEMENTERIAN PERTAHANAN
bcba91c5-6617-4737-a959-8b0111ad7cf5,Saldo Awal,133111,Gedung dan Bangunan,96097035417772.0,2023,012,KEMENTERIAN PERTAHANAN
bcba91c5-6617-4737-a959-8b0111ad7cf5,Saldo Awal,134111,Jalan dan Jembatan,10320005598706.0,2023,012,KEMENTERIAN PERTAHANAN
bcba91c5-6617-4737-a959-8b0111ad7cf5,Saldo Awal,134112,Irigasi,3326901624824.0,2023,012,KEMENTERIAN PERTAHANAN
bcba91c5-6617-4737-a959-8b0111ad7cf5,Saldo Awal,134113,Jaringan,2257921494505.0,2023,012,KEMENTERIAN PERTAHANAN
bcba91c5-6617-4737-a959-8b0111ad7cf5,Saldo Awal,135111,Aset Tetap Renovasi,483579857097.0,2023,012,KEMENTERIAN PERTAHANAN
bcba91c5-6617-4737-a959-8b0111ad7cf5,Saldo Awal,135121,Aset Tetap Lainnya,712352405197.0,2023,012,KEMENTERIAN PERTAHANAN
bcba91c5-6617-4737-a959-8b0111ad7cf5,Saldo Awal,136111,Konstruksi Dalam pengerjaan,12531454616889.0,2023,012,KEMENTERIAN PERTAHANAN
bcba91c5-6617-4737-a959-8b0111ad7cf5,Saldo Awal,137111,Akumulasi Penyusutan Peralatan dan Mesin,-212662284686822.0,2023,012,KEMENTERIAN PERTAHANAN
bcba91c5-6617-4737-a959-8b0111ad7cf5,Saldo Awal,137211,Akumulasi Penyusutan Gedung dan Bangunan,-27422892310108.0,2023,012,KEMENTERIAN PERTAHANAN
bcba91c5-6617-4737-a959-8b0111ad7cf5,Saldo Awal,137311,Akumulasi Penyusutan Jalan dan Jembatan,-7082120527929.0,2023,012,KEMENTERIAN PERTAHANAN
bcba91c5-6617-4737-a959-8b0111ad7cf5,Saldo Awal,137312,Akumulasi Penyusutan Irigasi,-1272333357249.0,2023,012,KEMENTERIAN PERTAHANAN
bcba91c5-6617-4737-a959-8b0111ad7cf5,Saldo Awal,137313,Akumulasi Penyusutan Jaringan,-865333458473.0,2023,012,KEMENTERIAN PERTAHANAN
bcba91c5-6617-4737-a959-8b0111ad7cf5,Saldo Awal,137411,Akumulasi Penyusutan Aset Tetap Lainnya,-145054444112.0,2023,012,KEMENTERIAN PERTAHANAN
bcba91c5-6617-4737-a959-8b0111ad7cf5,Saldo Awal,138311,Properti Investasi,3897442343536.0,2023,012,KEMENTERIAN PERTAHANAN
bcba91c5-6617-4737-a959-8b0111ad7cf5,Saldo Awal,138411,Akumulasi Penyusutan Properti Investasi,-16396199512.0,2023,012,KEMENTERIAN PERTAHANAN
bcba91c5-6617-4737-a959-8b0111ad7cf5,Saldo Awal,161111,Kemitraan Dengan Pihak Ketiga,11696050678641.0,2023,012,KEMENTERIAN PERTAHANAN
bcba91c5-6617-4737-a959-8b0111ad7cf5,Saldo Awal,162151,Software,8238406742620.0,2023,012,KEMENTERIAN PERTAHANAN
bcba91c5-6617-4737-a959-8b0111ad7cf5,Saldo Awal,162161,Lisensi,868600989637.0,2023,012,KEMENTERIAN PERTAHANAN
bcba91c5-6617-4737-a959-8b0111ad7cf5,Saldo Awal,162171,Hasil Kajian/Penelitian,564550956950.0,2023,012,KEMENTERIAN PERTAHANAN
bcba91c5-6617-4737-a959-8b0111ad7cf5,Saldo Awal,162191,Aset Tak Berwujud Lainnya,1325872014770.0,2023,012,KEMENTERIAN PERTAHANAN
bcba91c5-6617-4737-a959-8b0111ad7cf5,Saldo Awal,162311,Aset Tak Berwujud Dalam Pengerjaan,32723880000.0,2023,012,KEMENTERIAN PERTAHANAN
bcba91c5-6617-4737-a959-8b0111ad7cf5,Saldo Awal,166112,Aset Tetap yang tidak digunakan dalam operasi pemerintahan,5887188337747.0,2023,012,KEMENTERIAN PERTAHANAN
bcba91c5-6617-4737-a959-8b0111ad7cf5,Saldo Awal,166113,Aset Tak Berwujud yang tidak digunakan dalam Operasional,18328209225.0,2023,012,KEMENTERIAN PERTAHANAN
bcba91c5-6617-4737-a959-8b0111ad7cf5,Saldo Awal,169122,Akumulasi Penyusutan Aset Tetap yang Tidak Digunakan dalam,-4139863159886.0,2023,012,KEMENTERIAN PERTAHANAN
bcba91c5-6617-4737-a959-8b0111ad7cf5,Saldo Awal,169315,Akumulasi Amortisasi Software,-4268388961151.0,2023,012,KEMENTERIAN PERTAHANAN
bcba91c5-6617-4737-a959-8b0111ad7cf5,Saldo Awal,169316,Akumulasi Amortisasi Lisensi,-148739692970.0,2023,012,KEMENTERIAN PERTAHANAN
bcba91c5-6617-4737-a959-8b0111ad7cf5,Saldo Awal,169317,Akumulasi Amortisasi Aset Tak Berwujud Lainnya,-4803410375.0,2023,012,KEMENTERIAN PERTAHANAN
bcba91c5-6617-4737-a959-8b0111ad7cf5,Saldo Awal,169318,Akumulasi Amortisasi  Aset Tak Berwujud  yang tidak digunakan,-18200709225.0,2023,012,KEMENTERIAN PERTAHANAN
bcba91c5-6617-4737-a959-8b0111ad7cf5,Saldo Awal,117111,Barang Konsumsi,478246891871.0,2023,013,KEMENTERIAN HUKUM DAN HAK ASASI MANUSIA RI
bcba91c5-6617-4737-a959-8b0111ad7cf5,Saldo Awal,117112,Amunisi,46550628241.0,2023,013,KEMENTERIAN HUKUM DAN HAK ASASI MANUSIA RI
bcba91c5-6617-4737-a959-8b0111ad7cf5,Saldo Awal,117113,Bahan untuk Pemeliharaan,19082985646.0,2023,013,KEMENTERIAN HUKUM DAN HAK ASASI MANUSIA RI
bcba91c5-6617-4737-a959-8b0111ad7cf5,Saldo Awal,117131,Bahan Baku,22893325536.0,2023,013,KEMENTERIAN HUKUM DAN HAK ASASI MANUSIA RI
bcba91c5-6617-4737-a959-8b0111ad7cf5,Saldo Awal,117199,Persediaan Lainnya,1238950000.0,2023,013,KEMENTERIAN HUKUM DAN HAK ASASI MANUSIA RI
bcba91c5-6617-4737-a959-8b0111ad7cf5,Saldo Awal,131111,Tanah,54410106493496.0,2023,013,KEMENTERIAN HUKUM DAN HAK ASASI MANUSIA RI
bcba91c5-6617-4737-a959-8b0111ad7cf5,Saldo Awal,132111,Peralatan dan Mesin,9283353451780.0,2023,013,KEMENTERIAN HUKUM DAN HAK ASASI MANUSIA RI
bcba91c5-6617-4737-a959-8b0111ad7cf5,Saldo Awal,133111,Gedung dan Bangunan,14080130257078.0,2023,013,KEMENTERIAN HUKUM DAN HAK ASASI MANUSIA RI
bcba91c5-6617-4737-a959-8b0111ad7cf5,Saldo Awal,134111,Jalan dan Jembatan,52552350240.0,2023,013,KEMENTERIAN HUKUM DAN HAK ASASI MANUSIA RI
bcba91c5-6617-4737-a959-8b0111ad7cf5,Saldo Awal,134112,Irigasi,1355863722.0,2023,013,KEMENTERIAN HUKUM DAN HAK ASASI MANUSIA RI
bcba91c5-6617-4737-a959-8b0111ad7cf5,Saldo Awal,134113,Jaringan,35625240821.0,2023,013,KEMENTERIAN HUKUM DAN HAK ASASI MANUSIA RI
bcba91c5-6617-4737-a959-8b0111ad7cf5,Saldo Awal,135111,Aset Tetap Renovasi,2357041967.0,2023,013,KEMENTERIAN HUKUM DAN HAK ASASI MANUSIA RI
bcba91c5-6617-4737-a959-8b0111ad7cf5,Saldo Awal,135121,Aset Tetap Lainnya,25628938146.0,2023,013,KEMENTERIAN HUKUM DAN HAK ASASI MANUSIA RI
bcba91c5-6617-4737-a959-8b0111ad7cf5,Saldo Awal,136111,Konstruksi Dalam pengerjaan,441235713291.0,2023,013,KEMENTERIAN HUKUM DAN HAK ASASI MANUSIA RI
bcba91c5-6617-4737-a959-8b0111ad7cf5,Saldo Awal,137111,Akumulasi Penyusutan Peralatan dan Mesin,-7464646743735.0,2023,013,KEMENTERIAN HUKUM DAN HAK ASASI MANUSIA RI
bcba91c5-6617-4737-a959-8b0111ad7cf5,Saldo Awal,137211,Akumulasi Penyusutan Gedung dan Bangunan,-2673903060542.0,2023,013,KEMENTERIAN HUKUM DAN HAK ASASI MANUSIA RI
bcba91c5-6617-4737-a959-8b0111ad7cf5,Saldo Awal,137311,Akumulasi Penyusutan Jalan dan Jembatan,-32698169641.0,2023,013,KEMENTERIAN HUKUM DAN HAK ASASI MANUSIA RI
bcba91c5-6617-4737-a959-8b0111ad7cf5,Saldo Awal,137312,Akumulasi Penyusutan Irigasi,-138878055.0,2023,013,KEMENTERIAN HUKUM DAN HAK ASASI MANUSIA RI
bcba91c5-6617-4737-a959-8b0111ad7cf5,Saldo Awal,137313,Akumulasi Penyusutan Jaringan,-28404718576.0,2023,013,KEMENTERIAN HUKUM DAN HAK ASASI MANUSIA RI
bcba91c5-6617-4737-a959-8b0111ad7cf5,Saldo Awal,137411,Akumulasi Penyusutan Aset Tetap Lainnya,-4790155471.0,2023,013,KEMENTERIAN HUKUM DAN HAK ASASI MANUSIA RI
bcba91c5-6617-4737-a959-8b0111ad7cf5,Saldo Awal,138311,Properti Investasi,27728552000.0,2023,013,KEMENTERIAN HUKUM DAN HAK ASASI MANUSIA RI
bcba91c5-6617-4737-a959-8b0111ad7cf5,Saldo Awal,162151,Software,488738666241.0,2023,013,KEMENTERIAN HUKUM DAN HAK ASASI MANUSIA RI
bcba91c5-6617-4737-a959-8b0111ad7cf5,Saldo Awal,162191,Aset Tak Berwujud Lainnya,50457150.0,2023,013,KEMENTERIAN HUKUM DAN HAK ASASI MANUSIA RI
bcba91c5-6617-4737-a959-8b0111ad7cf5,Saldo Awal,166112,Aset Tetap yang tidak digunakan dalam operasi pemerintahan,432774420094.0,2023,013,KEMENTERIAN HUKUM DAN HAK ASASI MANUSIA RI
bcba91c5-6617-4737-a959-8b0111ad7cf5,Saldo Awal,166113,Aset Tak Berwujud yang tidak digunakan dalam Operasional,289970354328.0,2023,013,KEMENTERIAN HUKUM DAN HAK ASASI MANUSIA RI
bcba91c5-6617-4737-a959-8b0111ad7cf5,Saldo Awal,169122,Akumulasi Penyusutan Aset Tetap yang Tidak Digunakan dalam,-382386900347.0,2023,013,KEMENTERIAN HUKUM DAN HAK ASASI MANUSIA RI
bcba91c5-6617-4737-a959-8b0111ad7cf5,Saldo Awal,169315,Akumulasi Amortisasi Software,-367969619032.0,2023,013,KEMENTERIAN HUKUM DAN HAK ASASI MANUSIA RI
bcba91c5-6617-4737-a959-8b0111ad7cf5,Saldo Awal,169318,Akumulasi Amortisasi  Aset Tak Berwujud  yang tidak digunakan,-289772886828.0,2023,013,KEMENTERIAN HUKUM DAN HAK ASASI MANUSIA RI
